metric_a,metric_b,pearson_r,abs_pearson_r,pair_count
lifetime_sparseness_model_20ms,lifetime_sparseness_abs_error_20ms,-1,1,57
mds_manual_fit_distance_to_data,mds_distance_improvement,-1,1,57
psth_10ms_pearson_r,rcorr,1,1,57
raw_raster_mse,raw_raster_mae,1,1,57
psth_10ms_pearson_r,noise_corrected_r_10ms,0.999989304202,0.999989304202,57
rcorr,noise_corrected_r_10ms,0.999989304202,0.999989304202,57
raw_raster_mse,raw_raster_rmse,0.998618539539,0.998618539539,57
raw_raster_rmse,raw_raster_mae,0.998618539539,0.998618539539,57
psth_20ms_pearson_r,psth_20ms_cosine_similarity,0.995198912278,0.995198912278,57
psth_5ms_sse,psth_10ms_sse,0.989958755324,0.989958755324,57
psth_5ms_pearson_r,noise_corrected_r_10ms,0.989805498159,0.989805498159,57
psth_5ms_pearson_r,psth_10ms_pearson_r,0.98960790669,0.98960790669,57
psth_5ms_pearson_r,rcorr,0.98960790669,0.98960790669,57
psth_10ms_pearson_r,psth_20ms_cosine_similarity,0.984794688822,0.984794688822,57
rcorr,psth_20ms_cosine_similarity,0.984794688822,0.984794688822,57
psth_20ms_cosine_similarity,noise_corrected_r_10ms,0.984460329868,0.984460329868,57
psth_20ms_pearson_r,rcorr,0.983733703928,0.983733703928,57
psth_10ms_pearson_r,psth_20ms_pearson_r,0.983733703928,0.983733703928,57
psth_20ms_pearson_r,noise_corrected_r_10ms,0.983359372048,0.983359372048,57
psth_10ms_sse,psth_20ms_sse,0.975386010306,0.975386010306,57
psth_20ms_sse,psth_50ms_sse,0.968760954424,0.968760954424,57
psth_5ms_pearson_r,psth_20ms_cosine_similarity,0.967969069597,0.967969069597,57
psth_5ms_pearson_r,psth_20ms_pearson_r,0.96337105494,0.96337105494,57
mds_manual_fit_distance_to_data,manual_fit_mds_y,-0.951777817285,0.951777817285,57
mds_distance_improvement,manual_fit_mds_y,0.951777817285,0.951777817285,57
psth_5ms_sse,psth_20ms_sse,0.947805440288,0.947805440288,57
psth_20ms_pearson_r,psth_50ms_pearson_r,0.940441953578,0.940441953578,57
psth_10ms_sse,psth_50ms_sse,0.935759527499,0.935759527499,57
manual_fit_mds_x,raw_raster_mae,0.929530159777,0.929530159777,57
manual_fit_mds_x,raw_raster_mse,0.929530159777,0.929530159777,57
psth_50ms_pearson_r,psth_20ms_cosine_similarity,0.927742904771,0.927742904771,57
manual_fit_mds_x,raw_raster_rmse,0.922287525871,0.922287525871,57
raw_raster_mae,firing_rate_abs_error_hz,0.911010337817,0.911010337817,57
raw_raster_mse,firing_rate_abs_error_hz,0.911010337817,0.911010337817,57
split_half_model_20ms,lifetime_sparseness_model_20ms,0.909393793222,0.909393793222,57
split_half_model_20ms,lifetime_sparseness_abs_error_20ms,-0.909393793221,0.909393793221,57
psth_5ms_sse,psth_50ms_sse,0.90804650304,0.90804650304,57
psth_10ms_pearson_r,psth_50ms_pearson_r,0.906905803478,0.906905803478,57
psth_50ms_pearson_r,rcorr,0.906905803478,0.906905803478,57
psth_50ms_pearson_r,noise_corrected_r_10ms,0.906522691045,0.906522691045,57
psth_5ms_pearson_r,psth_50ms_pearson_r,0.893445076461,0.893445076461,57
raw_raster_rmse,firing_rate_abs_error_hz,0.891926139935,0.891926139935,57
manual_fit_mds_x,firing_rate_abs_error_hz,0.866188654098,0.866188654098,57
On_SOnOff_gSYN,SOnOff_ROn_gSYN,-0.820824946158,0.820824946158,45
psth_5ms_pearson_r,split_half_model_20ms,0.819369552724,0.819369552724,57
psth_5ms_pearson_r,lifetime_sparseness_model_20ms,0.796414087015,0.796414087015,57
psth_5ms_pearson_r,lifetime_sparseness_abs_error_20ms,-0.796414087015,0.796414087015,57
psth_20ms_pearson_r,lifetime_sparseness_model_20ms,0.792327060848,0.792327060848,57
psth_20ms_pearson_r,lifetime_sparseness_abs_error_20ms,-0.792327060848,0.792327060848,57
noise_corrected_r_10ms,lifetime_sparseness_model_20ms,0.787468491739,0.787468491739,57
noise_corrected_r_10ms,lifetime_sparseness_abs_error_20ms,-0.787468491739,0.787468491739,57
psth_10ms_pearson_r,lifetime_sparseness_model_20ms,0.786870470453,0.786870470453,57
rcorr,lifetime_sparseness_model_20ms,0.786870470453,0.786870470453,57
psth_10ms_pearson_r,lifetime_sparseness_abs_error_20ms,-0.786870470453,0.786870470453,57
rcorr,lifetime_sparseness_abs_error_20ms,-0.786870470453,0.786870470453,57
psth_20ms_cosine_similarity,lifetime_sparseness_model_20ms,0.784133934273,0.784133934273,57
psth_20ms_cosine_similarity,lifetime_sparseness_abs_error_20ms,-0.784133934273,0.784133934273,57
split_half_model_20ms,noise_corrected_r_10ms,0.780201110621,0.780201110621,57
psth_10ms_pearson_r,split_half_model_20ms,0.779677572223,0.779677572223,57
rcorr,split_half_model_20ms,0.779677572223,0.779677572223,57
psth_20ms_pearson_r,split_half_model_20ms,0.768678659943,0.768678659943,57
psth_20ms_cosine_similarity,split_half_model_20ms,0.766090364515,0.766090364515,57
psth_50ms_pearson_r,split_half_model_20ms,0.756254647388,0.756254647388,57
psth_5ms_pearson_r,offset_responsiveness_abs_error,-0.744310418303,0.744310418303,57
noise_corrected_r_10ms,offset_responsiveness_abs_error,-0.744055586654,0.744055586654,57
psth_10ms_pearson_r,offset_responsiveness_abs_error,-0.743887437695,0.743887437695,57
rcorr,offset_responsiveness_abs_error,-0.743887437695,0.743887437695,57
psth_20ms_cosine_similarity,offset_responsiveness_abs_error,-0.742047176022,0.742047176022,57
psth_50ms_pearson_r,lifetime_sparseness_model_20ms,0.740487965785,0.740487965785,57
psth_50ms_pearson_r,lifetime_sparseness_abs_error_20ms,-0.740487965785,0.740487965785,57
Off_ROn_gSYN,On_SOnOff_gSYN,0.739938412691,0.739938412691,45
config_strfGain,On_ROn_gSYN,-0.724127068257,0.724127068257,45
psth_20ms_pearson_r,offset_responsiveness_abs_error,-0.713047332217,0.713047332217,57
psth_50ms_pearson_r,offset_responsiveness_abs_error,-0.708154420022,0.708154420022,57
split_half_model_20ms,peak_latency_abs_error_ms,-0.706453704903,0.706453704903,57
psth_50ms_sse,offset_responsiveness_abs_error_Just_first_bump,0.705292098751,0.705292098751,13
lifetime_sparseness_abs_error_20ms,peak_latency_abs_error_ms,0.689760432178,0.689760432178,57
lifetime_sparseness_model_20ms,peak_latency_abs_error_ms,-0.689760432178,0.689760432178,57
split_half_model_20ms,config_paramH_alpha,0.677976283225,0.677976283225,45
manual_fit_mds_x,psth_20ms_sse,0.66840500353,0.66840500353,57
lifetime_sparseness_abs_error_20ms,onset_responsiveness_abs_error,0.665169747595,0.665169747595,57
lifetime_sparseness_model_20ms,onset_responsiveness_abs_error,-0.665169747595,0.665169747595,57
manual_fit_mds_x,psth_10ms_sse,0.658710468983,0.658710468983,57
manual_fit_mds_x,psth_5ms_sse,0.64984194768,0.64984194768,57
psth_10ms_sse,firing_rate_abs_error_hz,0.639164880962,0.639164880962,57
On_ROn_gSYN,Off_SOnOff_gSYN,-0.638512396419,0.638512396419,45
config_paramH_alpha,Off_SOnOff_gSYN,0.63809661922,0.63809661922,45
psth_5ms_sse,firing_rate_abs_error_hz,0.630499671602,0.630499671602,57
manual_fit_mds_x,psth_50ms_sse,0.629939368954,0.629939368954,57
config_strfGain,Off_SOnOff_gSYN,0.629165389807,0.629165389807,45
psth_20ms_sse,firing_rate_abs_error_hz,0.626664833821,0.626664833821,57
psth_5ms_pearson_r,peak_latency_abs_error_ms,-0.622874727473,0.622874727473,57
split_half_model_20ms,Off_SOnOff_gSYN,0.613357192529,0.613357192529,45
psth_50ms_sse,firing_rate_abs_error_hz,0.59522621738,0.59522621738,57
psth_50ms_pearson_r,offset_responsiveness_abs_error_Just_first_bump,-0.593711314429,0.593711314429,13
noise_corrected_r_10ms,peak_latency_abs_error_ms,-0.584189800499,0.584189800499,57
psth_10ms_pearson_r,peak_latency_abs_error_ms,-0.583559015924,0.583559015924,57
rcorr,peak_latency_abs_error_ms,-0.583559015924,0.583559015924,57
psth_20ms_cosine_similarity,peak_latency_abs_error_ms,-0.581400020629,0.581400020629,57
raw_raster_mae,psth_10ms_sse,0.578547108948,0.578547108948,57
raw_raster_mse,psth_10ms_sse,0.578547108948,0.578547108948,57
raw_raster_rmse,ROn_g_inc,-0.575832240262,0.575832240262,45
raw_raster_mae,psth_5ms_sse,0.574656267018,0.574656267018,57
raw_raster_mse,psth_5ms_sse,0.574656267018,0.574656267018,57
psth_50ms_sse,peak_rate_abs_error_hz,0.573718423076,0.573718423076,57
psth_20ms_sse,peak_rate_abs_error_hz,0.572607122251,0.572607122251,57
onset_responsiveness_abs_error,offset_responsiveness_abs_error_Just_first_bump,0.567595969026,0.567595969026,13
Off_ROn_gSYN,SOnOff_ROn_gSYN,-0.565996256737,0.565996256737,45
mds_distance_improvement,offset_responsiveness_abs_error,-0.565048551086,0.565048551086,57
mds_manual_fit_distance_to_data,offset_responsiveness_abs_error,0.565048551086,0.565048551086,57
lifetime_sparseness_abs_error_20ms,Off_SOnOff_gSYN,-0.561712853682,0.561712853682,45
lifetime_sparseness_model_20ms,Off_SOnOff_gSYN,0.561712853682,0.561712853682,45
split_half_model_20ms,offset_responsiveness_abs_error,-0.557926332012,0.557926332012,57
psth_5ms_pearson_r,onset_responsiveness_abs_error,-0.555232701176,0.555232701176,57
raw_raster_mae,psth_20ms_sse,0.554079145278,0.554079145278,57
raw_raster_mse,psth_20ms_sse,0.554079145278,0.554079145278,57
psth_20ms_pearson_r,peak_latency_abs_error_ms,-0.553162502793,0.553162502793,57
raw_raster_rmse,psth_10ms_sse,0.553124907151,0.553124907151,57
manual_fit_mds_y,offset_responsiveness_abs_error_Just_first_bump,-0.552362358554,0.552362358554,13
raw_raster_rmse,psth_5ms_sse,0.549835863202,0.549835863202,57
raw_raster_rmse,split_half_model_20ms,0.549040025711,0.549040025711,57
raw_raster_mae,split_half_model_20ms,0.545923143246,0.545923143246,57
raw_raster_mse,split_half_model_20ms,0.545923143246,0.545923143246,57
psth_20ms_cosine_similarity,Off_SOnOff_gSYN,-0.545592208056,0.545592208056,45
split_half_model_20ms,onset_responsiveness_abs_error,-0.542238480761,0.542238480761,57
lifetime_sparseness_model_20ms,config_paramH_alpha,0.537722384769,0.537722384769,45
lifetime_sparseness_abs_error_20ms,config_paramH_alpha,-0.537722384769,0.537722384769,45
psth_20ms_pearson_r,Off_SOnOff_gSYN,-0.536033996656,0.536033996656,45
raw_raster_mae,ROn_g_inc,-0.533433068512,0.533433068512,45
raw_raster_mse,ROn_g_inc,-0.533433068512,0.533433068512,45
psth_50ms_pearson_r,peak_latency_abs_error_ms,-0.532641285211,0.532641285211,57
noise_corrected_r_10ms,onset_responsiveness_abs_error,-0.529091511118,0.529091511118,57
psth_10ms_pearson_r,onset_responsiveness_abs_error,-0.527598775703,0.527598775703,57
rcorr,onset_responsiveness_abs_error,-0.527598775703,0.527598775703,57
raw_raster_rmse,psth_20ms_sse,0.526135527579,0.526135527579,57
peak_latency_abs_error_ms,offset_responsiveness_abs_error,0.522558573539,0.522558573539,57
lifetime_sparseness_model_20ms,offset_responsiveness_abs_error_Just_first_bump,-0.520438330347,0.520438330347,13
lifetime_sparseness_abs_error_20ms,offset_responsiveness_abs_error_Just_first_bump,0.520438330346,0.520438330346,13
psth_10ms_sse,peak_rate_abs_error_hz,0.517179049673,0.517179049673,57
lifetime_sparseness_abs_error_20ms,Off_ROn_gSYN,0.515096400233,0.515096400233,45
lifetime_sparseness_model_20ms,Off_ROn_gSYN,-0.515096400232,0.515096400232,45
split_half_model_20ms,firing_rate_abs_error_hz,0.514920787871,0.514920787871,57
manual_fit_mds_y,offset_responsiveness_abs_error,-0.514142679449,0.514142679449,57
manual_fit_mds_y,psth_5ms_pearson_r,0.506295690575,0.506295690575,57
peak_latency_abs_error_ms,onset_responsiveness_abs_error,0.505028919294,0.505028919294,57
mds_distance_improvement,psth_5ms_pearson_r,0.504371336948,0.504371336948,57
mds_manual_fit_distance_to_data,psth_5ms_pearson_r,-0.504371336947,0.504371336947,57
raw_raster_mae,psth_50ms_sse,0.495504807629,0.495504807629,57
raw_raster_mse,psth_50ms_sse,0.495504807629,0.495504807629,57
onset_responsiveness_abs_error,config_strfGain,-0.491830674462,0.491830674462,45
psth_20ms_cosine_similarity,On_ROn_gSYN,0.491563661715,0.491563661715,45
lifetime_sparseness_abs_error_20ms,offset_responsiveness_abs_error,0.490712209858,0.490712209858,57
lifetime_sparseness_model_20ms,offset_responsiveness_abs_error,-0.490712209858,0.490712209858,57
psth_20ms_pearson_r,On_ROn_gSYN,0.490576107173,0.490576107173,45
psth_20ms_sse,Off_SOnOff_gSYN,0.489104084201,0.489104084201,45
psth_10ms_pearson_r,Off_SOnOff_gSYN,-0.488638456993,0.488638456993,45
rcorr,Off_SOnOff_gSYN,-0.488638456993,0.488638456993,45
mds_distance_improvement,noise_corrected_r_10ms,0.487456653749,0.487456653749,57
mds_manual_fit_distance_to_data,noise_corrected_r_10ms,-0.487456653749,0.487456653749,57
mds_distance_improvement,psth_10ms_pearson_r,0.487431153866,0.487431153866,57
mds_distance_improvement,rcorr,0.487431153866,0.487431153866,57
mds_manual_fit_distance_to_data,psth_10ms_pearson_r,-0.487431153866,0.487431153866,57
mds_manual_fit_distance_to_data,rcorr,-0.487431153866,0.487431153866,57
noise_corrected_r_10ms,Off_SOnOff_gSYN,-0.486309373028,0.486309373028,45
manual_fit_mds_y,noise_corrected_r_10ms,0.484243618906,0.484243618906,57
manual_fit_mds_y,psth_10ms_pearson_r,0.48381523904,0.48381523904,57
manual_fit_mds_y,rcorr,0.48381523904,0.48381523904,57
offset_responsiveness_abs_error,SOnOff_ROn_gSYN,0.476998261072,0.476998261072,45
psth_5ms_sse,peak_rate_abs_error_hz,0.472588375223,0.472588375223,57
psth_20ms_cosine_similarity,onset_responsiveness_abs_error,-0.466457828644,0.466457828644,57
psth_20ms_sse,config_paramH_alpha,0.464768924929,0.464768924929,45
psth_20ms_pearson_r,onset_responsiveness_abs_error,-0.463638450947,0.463638450947,57
raw_raster_rmse,psth_50ms_sse,0.462934000357,0.462934000357,57
mds_distance_improvement,psth_20ms_cosine_similarity,0.462201591716,0.462201591716,57
mds_manual_fit_distance_to_data,psth_20ms_cosine_similarity,-0.462201591716,0.462201591716,57
offset_responsiveness_abs_error,On_SOnOff_gSYN,-0.460535100395,0.460535100395,45
split_half_model_20ms,config_strfGain,0.453972238187,0.453972238187,45
peak_rate_abs_error_hz,config_paramH_alpha,0.452316309621,0.452316309621,45
manual_fit_mds_x,offset_responsiveness_abs_error_Just_first_bump,0.45193458471,0.45193458471,13
Off_ROn_gSYN,offset_responsiveness_abs_error_Just_first_bump,0.44933293595,0.44933293595,13
psth_20ms_pearson_r,config_strfGain,-0.449323094118,0.449323094118,45
psth_20ms_cosine_similarity,config_strfGain,-0.447739382568,0.447739382568,45
manual_fit_mds_y,psth_20ms_cosine_similarity,0.443644222039,0.443644222039,57
manual_fit_mds_x,ROn_g_inc,-0.435864878342,0.435864878342,45
psth_50ms_pearson_r,On_ROn_gSYN,0.434929151806,0.434929151806,45
SOnOff_ROn_gSYN,offset_responsiveness_abs_error_Just_first_bump,0.430129101892,0.430129101892,13
psth_50ms_sse,config_strfGain,0.43000286254,0.43000286254,45
mds_distance_improvement,psth_20ms_pearson_r,0.428799704394,0.428799704394,57
mds_manual_fit_distance_to_data,psth_20ms_pearson_r,-0.428799704394,0.428799704394,57
psth_10ms_pearson_r,On_ROn_gSYN,0.42849345148,0.42849345148,45
rcorr,On_ROn_gSYN,0.42849345148,0.42849345148,45
noise_corrected_r_10ms,On_ROn_gSYN,0.428065239652,0.428065239652,45
psth_20ms_sse,psth_20ms_cosine_similarity,-0.425617163922,0.425617163922,57
psth_50ms_sse,psth_20ms_cosine_similarity,-0.42547385418,0.42547385418,57
lifetime_sparseness_model_20ms,SOnOff_ROn_gSYN,0.423306219831,0.423306219831,45
lifetime_sparseness_abs_error_20ms,SOnOff_ROn_gSYN,-0.423306219829,0.423306219829,45
manual_fit_mds_y,psth_20ms_pearson_r,0.421252227337,0.421252227337,57
psth_50ms_sse,Off_SOnOff_gSYN,0.416029654946,0.416029654946,45
psth_20ms_sse,config_strfGain,0.41433883646,0.41433883646,45
psth_10ms_sse,Off_SOnOff_gSYN,0.413957024884,0.413957024884,45
psth_50ms_pearson_r,config_strfGain,-0.411534637623,0.411534637623,45
manual_fit_mds_y,onset_responsiveness_abs_error,-0.411473603209,0.411473603209,57
psth_10ms_pearson_r,config_paramH_alpha,-0.411046730873,0.411046730873,45
rcorr,config_paramH_alpha,-0.411046730873,0.411046730873,45
noise_corrected_r_10ms,config_paramH_alpha,-0.41092391758,0.41092391758,45
manual_fit_mds_x,peak_rate_abs_error_hz,0.404116750321,0.404116750321,57
lifetime_sparseness_model_20ms,On_ROn_gSYN,-0.399805645105,0.399805645105,45
lifetime_sparseness_abs_error_20ms,On_ROn_gSYN,0.399805645105,0.399805645105,45
psth_10ms_sse,config_paramH_alpha,0.399682289368,0.399682289368,45
psth_50ms_sse,psth_20ms_pearson_r,-0.398874049048,0.398874049048,57
peak_rate_abs_error_hz,offset_responsiveness_abs_error_Just_first_bump,-0.398762651862,0.398762651862,13
firing_rate_abs_error_hz,offset_responsiveness_abs_error,-0.397468137682,0.397468137682,57
psth_20ms_sse,psth_20ms_pearson_r,-0.397229912487,0.397229912487,57
onset_responsiveness_abs_error,On_ROn_gSYN,0.387747179004,0.387747179004,45
manual_fit_mds_y,firing_rate_abs_error_hz,0.380419500026,0.380419500026,57
offset_responsiveness_abs_error,Off_SOnOff_gSYN,0.376455369068,0.376455369068,45
offset_responsiveness_abs_error,On_ROn_gSYN,-0.375546707795,0.375546707795,45
psth_50ms_sse,psth_50ms_pearson_r,-0.375487193,0.375487193,57
psth_10ms_pearson_r,SOnOff_ROn_gSYN,-0.375320458587,0.375320458587,45
rcorr,SOnOff_ROn_gSYN,-0.375320458587,0.375320458587,45
noise_corrected_r_10ms,SOnOff_ROn_gSYN,-0.373338775866,0.373338775866,45
firing_rate_abs_error_hz,peak_rate_abs_error_hz,0.371354526076,0.371354526076,57
onset_responsiveness_abs_error,Off_ROn_gSYN,0.37064764718,0.37064764718,45
psth_5ms_pearson_r,SOnOff_ROn_gSYN,-0.368046892383,0.368046892383,45
psth_10ms_sse,psth_20ms_cosine_similarity,-0.367220748728,0.367220748728,57
raw_raster_rmse,psth_5ms_pearson_r,0.366946499378,0.366946499378,57
psth_20ms_sse,psth_10ms_pearson_r,-0.365559159923,0.365559159923,57
psth_20ms_sse,rcorr,-0.365559159923,0.365559159923,57
psth_20ms_sse,noise_corrected_r_10ms,-0.364756838549,0.364756838549,57
raw_raster_mae,offset_responsiveness_abs_error,-0.362108595533,0.362108595533,57
raw_raster_mse,offset_responsiveness_abs_error,-0.362108595533,0.362108595533,57
raw_raster_mae,psth_5ms_pearson_r,0.361955768652,0.361955768652,57
raw_raster_mse,psth_5ms_pearson_r,0.361955768652,0.361955768652,57
raw_raster_rmse,offset_responsiveness_abs_error,-0.361270667276,0.361270667276,57
psth_10ms_sse,config_strfGain,0.361094603652,0.361094603652,45
psth_50ms_sse,config_paramH_alpha,0.360410404619,0.360410404619,45
psth_5ms_pearson_r,Off_SOnOff_gSYN,-0.357869089287,0.357869089287,45
psth_50ms_pearson_r,Off_SOnOff_gSYN,-0.356930933773,0.356930933773,45
psth_50ms_sse,psth_10ms_pearson_r,-0.355966333037,0.355966333037,57
psth_50ms_sse,rcorr,-0.355966333037,0.355966333037,57
psth_50ms_sse,noise_corrected_r_10ms,-0.355069684175,0.355069684175,57
psth_50ms_pearson_r,firing_rate_abs_error_hz,0.354048964759,0.354048964759,57
manual_fit_mds_y,raw_raster_mae,0.353732390655,0.353732390655,57
manual_fit_mds_y,raw_raster_mse,0.353732390655,0.353732390655,57
onset_responsiveness_abs_error,Off_SOnOff_gSYN,-0.349977029725,0.349977029725,45
manual_fit_mds_y,split_half_model_20ms,0.348410455313,0.348410455313,57
psth_5ms_sse,Off_SOnOff_gSYN,0.347624300639,0.347624300639,45
psth_5ms_sse,psth_20ms_cosine_similarity,-0.3473213174,0.3473213174,57
mds_manual_fit_distance_to_data,SOnOff_ROn_gSYN,0.34726210825,0.34726210825,45
mds_distance_improvement,SOnOff_ROn_gSYN,-0.34726210825,0.34726210825,45
mds_distance_improvement,psth_50ms_pearson_r,0.347179499147,0.347179499147,57
mds_manual_fit_distance_to_data,psth_50ms_pearson_r,-0.347179499146,0.347179499146,57
manual_fit_mds_x,config_paramH_alpha,0.346875521189,0.346875521189,45
mds_distance_improvement,config_paramH_alpha,-0.344306953409,0.344306953409,45
mds_manual_fit_distance_to_data,config_paramH_alpha,0.344306953409,0.344306953409,45
manual_fit_mds_y,raw_raster_rmse,0.343498832222,0.343498832222,57
psth_20ms_cosine_similarity,offset_responsiveness_abs_error_Just_first_bump,-0.340590553747,0.340590553747,13
mds_distance_improvement,offset_responsiveness_abs_error_Just_first_bump,0.340436198134,0.340436198134,13
mds_manual_fit_distance_to_data,offset_responsiveness_abs_error_Just_first_bump,-0.340436198133,0.340436198133,13
manual_fit_mds_y,psth_50ms_pearson_r,0.339906405499,0.339906405499,57
psth_10ms_sse,psth_20ms_pearson_r,-0.338958313621,0.338958313621,57
lifetime_sparseness_abs_error_20ms,On_SOnOff_gSYN,0.337147487618,0.337147487618,45
lifetime_sparseness_model_20ms,On_SOnOff_gSYN,-0.337147487617,0.337147487617,45
psth_5ms_pearson_r,firing_rate_abs_error_hz,0.33704333036,0.33704333036,57
raw_raster_rmse,psth_50ms_pearson_r,0.336336989643,0.336336989643,57
psth_5ms_pearson_r,On_SOnOff_gSYN,0.33376768297,0.33376768297,45
raw_raster_mae,psth_50ms_pearson_r,0.332177264199,0.332177264199,57
raw_raster_mse,psth_50ms_pearson_r,0.332177264199,0.332177264199,57
noise_corrected_r_10ms,peak_rate_abs_error_hz,-0.330862050057,0.330862050057,57
psth_10ms_pearson_r,peak_rate_abs_error_hz,-0.330860011528,0.330860011528,57
rcorr,peak_rate_abs_error_hz,-0.330860011528,0.330860011528,57
psth_50ms_pearson_r,onset_responsiveness_abs_error,-0.329285125514,0.329285125514,57
Off_ROn_gSYN,Off_SOnOff_gSYN,-0.328859466197,0.328859466197,45
psth_50ms_pearson_r,On_SOnOff_gSYN,0.328729043089,0.328729043089,45
psth_5ms_sse,config_paramH_alpha,0.328508314714,0.328508314714,45
On_SOnOff_gSYN,offset_responsiveness_abs_error_Just_first_bump,-0.32752101978,0.32752101978,13
psth_10ms_pearson_r,On_SOnOff_gSYN,0.327274493164,0.327274493164,45
rcorr,On_SOnOff_gSYN,0.327274493164,0.327274493164,45
raw_raster_rmse,peak_latency_abs_error_ms,-0.326927603271,0.326927603271,57
psth_5ms_pearson_r,config_paramH_alpha,-0.325601733472,0.325601733472,45
psth_20ms_cosine_similarity,peak_rate_abs_error_hz,-0.325522426645,0.325522426645,57
noise_corrected_r_10ms,On_SOnOff_gSYN,0.325181947436,0.325181947436,45
raw_raster_mae,peak_latency_abs_error_ms,-0.324481880569,0.324481880569,57
raw_raster_mse,peak_latency_abs_error_ms,-0.324481880569,0.324481880569,57
firing_rate_abs_error_hz,config_paramH_alpha,0.323876682689,0.323876682689,45
split_half_model_20ms,Off_ROn_gSYN,-0.322483625228,0.322483625228,45
psth_20ms_sse,psth_5ms_pearson_r,-0.321024550718,0.321024550718,57
psth_5ms_sse,psth_20ms_pearson_r,-0.320936215867,0.320936215867,57
psth_5ms_sse,offset_responsiveness_abs_error_Just_first_bump,-0.320827306506,0.320827306506,13
split_half_model_20ms,On_ROn_gSYN,-0.320584702636,0.320584702636,45
psth_20ms_pearson_r,peak_rate_abs_error_hz,-0.320126095085,0.320126095085,57
psth_10ms_sse,psth_10ms_pearson_r,-0.318927212908,0.318927212908,57
psth_10ms_sse,rcorr,-0.318927212908,0.318927212908,57
psth_10ms_sse,noise_corrected_r_10ms,-0.318598397706,0.318598397706,57
psth_50ms_sse,psth_5ms_pearson_r,-0.318395184996,0.318395184996,57
psth_5ms_pearson_r,On_ROn_gSYN,0.318107107484,0.318107107484,45
firing_rate_abs_error_hz,offset_responsiveness_abs_error_Just_first_bump,0.315908841068,0.315908841068,13
psth_5ms_sse,config_strfGain,0.315733258376,0.315733258376,45
psth_20ms_sse,psth_50ms_pearson_r,-0.31522635037,0.31522635037,57
psth_5ms_pearson_r,peak_rate_abs_error_hz,-0.314584995465,0.314584995465,57
raw_raster_mae,offset_responsiveness_abs_error_Just_first_bump,0.30662537554,0.30662537554,13
raw_raster_mse,offset_responsiveness_abs_error_Just_first_bump,0.30662537554,0.30662537554,13
raw_raster_mae,config_paramH_alpha,0.305959549154,0.305959549154,45
raw_raster_mse,config_paramH_alpha,0.305959549154,0.305959549154,45
psth_50ms_pearson_r,SOnOff_ROn_gSYN,-0.304521514204,0.304521514204,45
peak_rate_abs_error_hz,Off_ROn_gSYN,-0.303777373676,0.303777373676,45
mds_distance_improvement,onset_responsiveness_abs_error,-0.303440297006,0.303440297006,57
mds_manual_fit_distance_to_data,onset_responsiveness_abs_error,0.303440297006,0.303440297006,57
raw_raster_rmse,offset_responsiveness_abs_error_Just_first_bump,0.302535601605,0.302535601605,13
raw_raster_rmse,config_paramH_alpha,0.301453301905,0.301453301905,45
psth_5ms_sse,psth_10ms_pearson_r,-0.301084390103,0.301084390103,57
psth_5ms_sse,rcorr,-0.301084390103,0.301084390103,57
psth_5ms_sse,noise_corrected_r_10ms,-0.300978748389,0.300978748389,57
psth_20ms_pearson_r,On_SOnOff_gSYN,0.299254765306,0.299254765306,45
firing_rate_abs_error_hz,peak_latency_abs_error_ms,-0.298508190371,0.298508190371,57
psth_20ms_cosine_similarity,On_SOnOff_gSYN,0.293834336384,0.293834336384,45
raw_raster_rmse,psth_10ms_pearson_r,0.293588217404,0.293588217404,57
raw_raster_rmse,rcorr,0.293588217404,0.293588217404,57
psth_20ms_pearson_r,SOnOff_ROn_gSYN,-0.29353805948,0.29353805948,45
raw_raster_rmse,noise_corrected_r_10ms,0.293427734155,0.293427734155,57
psth_20ms_cosine_similarity,SOnOff_ROn_gSYN,-0.293323869101,0.293323869101,45
raw_raster_mae,psth_10ms_pearson_r,0.290361945118,0.290361945118,57
raw_raster_mae,rcorr,0.290361945118,0.290361945118,57
raw_raster_mse,psth_10ms_pearson_r,0.290361945118,0.290361945118,57
raw_raster_mse,rcorr,0.290361945118,0.290361945118,57
config_paramH_alpha,On_ROn_gSYN,-0.290325918347,0.290325918347,45
raw_raster_mae,noise_corrected_r_10ms,0.290275952776,0.290275952776,57
raw_raster_mse,noise_corrected_r_10ms,0.290275952776,0.290275952776,57
manual_fit_mds_y,lifetime_sparseness_abs_error_20ms,-0.289256465713,0.289256465713,57
manual_fit_mds_y,lifetime_sparseness_model_20ms,0.289256465712,0.289256465712,57
psth_20ms_cosine_similarity,config_paramH_alpha,-0.287190570437,0.287190570437,45
psth_50ms_sse,offset_responsiveness_abs_error,0.287017065782,0.287017065782,57
noise_corrected_r_10ms,firing_rate_abs_error_hz,0.285824727568,0.285824727568,57
psth_10ms_pearson_r,firing_rate_abs_error_hz,0.285543780715,0.285543780715,57
rcorr,firing_rate_abs_error_hz,0.285543780715,0.285543780715,57
On_SOnOff_gSYN,Off_SOnOff_gSYN,-0.283972460554,0.283972460554,45
On_ROn_gSYN,On_SOnOff_gSYN,-0.280377414228,0.280377414228,45
peak_rate_abs_error_hz,peak_latency_abs_error_ms,0.280012433495,0.280012433495,57
lifetime_sparseness_model_20ms,firing_rate_abs_error_hz,0.279300534226,0.279300534226,57
lifetime_sparseness_abs_error_20ms,firing_rate_abs_error_hz,-0.279300534226,0.279300534226,57
mds_distance_improvement,Off_SOnOff_gSYN,-0.278621903254,0.278621903254,45
mds_manual_fit_distance_to_data,Off_SOnOff_gSYN,0.278621903253,0.278621903253,45
psth_10ms_sse,psth_5ms_pearson_r,-0.275454942091,0.275454942091,57
lifetime_sparseness_model_20ms,peak_rate_abs_error_hz,-0.274427836037,0.274427836037,57
lifetime_sparseness_abs_error_20ms,peak_rate_abs_error_hz,0.274427836036,0.274427836036,57
psth_20ms_sse,offset_responsiveness_abs_error,0.272111707085,0.272111707085,57
psth_5ms_sse,psth_5ms_pearson_r,-0.268311158148,0.268311158148,57
mds_manual_fit_distance_to_data,On_SOnOff_gSYN,-0.267450381142,0.267450381142,45
mds_distance_improvement,On_SOnOff_gSYN,0.267450381142,0.267450381142,45
psth_20ms_pearson_r,config_paramH_alpha,-0.265729481957,0.265729481957,45
mds_distance_improvement,On_ROn_gSYN,0.261831288998,0.261831288998,45
mds_manual_fit_distance_to_data,On_ROn_gSYN,-0.261831288998,0.261831288998,45
psth_10ms_sse,psth_50ms_pearson_r,-0.261185942683,0.261185942683,57
mds_distance_improvement,split_half_model_20ms,0.261042987546,0.261042987546,57
mds_manual_fit_distance_to_data,split_half_model_20ms,-0.261042987545,0.261042987545,57
psth_50ms_pearson_r,peak_rate_abs_error_hz,-0.259625290365,0.259625290365,57
manual_fit_mds_x,split_half_model_20ms,0.259249014923,0.259249014923,57
raw_raster_mae,peak_rate_abs_error_hz,0.257896084758,0.257896084758,57
raw_raster_mse,peak_rate_abs_error_hz,0.257896084758,0.257896084758,57
raw_raster_rmse,psth_20ms_cosine_similarity,0.256951891833,0.256951891833,57
psth_20ms_pearson_r,firing_rate_abs_error_hz,0.256345412284,0.256345412284,57
raw_raster_mae,lifetime_sparseness_model_20ms,0.25298303014,0.25298303014,57
raw_raster_mse,lifetime_sparseness_model_20ms,0.25298303014,0.25298303014,57
raw_raster_mae,lifetime_sparseness_abs_error_20ms,-0.25298303014,0.25298303014,57
raw_raster_mse,lifetime_sparseness_abs_error_20ms,-0.25298303014,0.25298303014,57
On_ROn_gSYN,SOnOff_ROn_gSYN,0.25268759451,0.25268759451,45
raw_raster_rmse,lifetime_sparseness_model_20ms,0.251847418098,0.251847418098,57
raw_raster_rmse,lifetime_sparseness_abs_error_20ms,-0.251847418097,0.251847418097,57
raw_raster_mae,psth_20ms_cosine_similarity,0.251673047661,0.251673047661,57
raw_raster_mse,psth_20ms_cosine_similarity,0.251673047661,0.251673047661,57
onset_responsiveness_abs_error,offset_responsiveness_abs_error,0.251138956716,0.251138956716,57
config_strfGain,offset_responsiveness_abs_error_Just_first_bump,-0.249868572973,0.249868572973,13
raw_raster_rmse,psth_20ms_pearson_r,0.249224339194,0.249224339194,57
On_ROn_gSYN,Off_ROn_gSYN,-0.249031651234,0.249031651234,45
psth_20ms_cosine_similarity,firing_rate_abs_error_hz,0.248085042846,0.248085042846,57
mds_distance_improvement,raw_raster_mae,0.247948832782,0.247948832782,57
mds_distance_improvement,raw_raster_mse,0.247948832782,0.247948832782,57
mds_manual_fit_distance_to_data,raw_raster_mae,-0.247948832782,0.247948832782,57
mds_manual_fit_distance_to_data,raw_raster_mse,-0.247948832782,0.247948832782,57
manual_fit_mds_y,peak_latency_abs_error_ms,-0.247929639398,0.247929639398,57
mds_distance_improvement,raw_raster_rmse,0.247722756194,0.247722756194,57
mds_manual_fit_distance_to_data,raw_raster_rmse,-0.247722756193,0.247722756193,57
psth_5ms_sse,psth_50ms_pearson_r,-0.247291225437,0.247291225437,57
psth_50ms_sse,SOnOff_ROn_gSYN,0.246922568502,0.246922568502,45
psth_20ms_sse,Off_ROn_gSYN,-0.246812576167,0.246812576167,45
raw_raster_mae,psth_20ms_pearson_r,0.245682092555,0.245682092555,57
raw_raster_mse,psth_20ms_pearson_r,0.245682092555,0.245682092555,57
psth_20ms_sse,SOnOff_ROn_gSYN,0.244325279185,0.244325279185,45
psth_10ms_sse,Off_ROn_gSYN,-0.244318901609,0.244318901609,45
psth_20ms_pearson_r,offset_responsiveness_abs_error_Just_first_bump,-0.243162313151,0.243162313151,13
split_half_model_20ms,peak_rate_abs_error_hz,-0.241667792558,0.241667792558,57
firing_rate_abs_error_hz,config_strfGain,0.240780629924,0.240780629924,45
mds_distance_improvement,firing_rate_abs_error_hz,0.240573687006,0.240573687006,57
mds_manual_fit_distance_to_data,firing_rate_abs_error_hz,-0.240573687006,0.240573687006,57
onset_responsiveness_abs_error,On_SOnOff_gSYN,0.239025467856,0.239025467856,45
Off_SOnOff_gSYN,SOnOff_ROn_gSYN,0.237304273592,0.237304273592,45
raw_raster_mae,config_strfGain,0.236630349125,0.236630349125,45
raw_raster_mse,config_strfGain,0.236630349125,0.236630349125,45
raw_raster_rmse,peak_rate_abs_error_hz,0.234361894162,0.234361894162,57
psth_10ms_sse,offset_responsiveness_abs_error,0.233488165792,0.233488165792,57
On_ROn_gSYN,offset_responsiveness_abs_error_Just_first_bump,0.233115216081,0.233115216081,13
psth_5ms_pearson_r,ROn_g_inc,-0.232819423369,0.232819423369,45
config_paramH_alpha,SOnOff_ROn_gSYN,0.230947897372,0.230947897372,45
split_half_model_20ms,ROn_g_inc,-0.230713778882,0.230713778882,45
psth_10ms_pearson_r,Off_ROn_gSYN,0.230262323807,0.230262323807,45
rcorr,Off_ROn_gSYN,0.230262323807,0.230262323807,45
noise_corrected_r_10ms,Off_ROn_gSYN,0.229681332947,0.229681332947,45
psth_10ms_sse,SOnOff_ROn_gSYN,0.228620590767,0.228620590767,45
raw_raster_rmse,config_strfGain,0.225944490034,0.225944490034,45
psth_5ms_sse,Off_ROn_gSYN,-0.22091122993,0.22091122993,45
manual_fit_mds_x,config_strfGain,0.220673130506,0.220673130506,45
config_paramH_alpha,Off_ROn_gSYN,-0.220095125068,0.220095125068,45
psth_50ms_sse,Off_ROn_gSYN,-0.218677291197,0.218677291197,45
psth_10ms_pearson_r,config_strfGain,-0.21811150852,0.21811150852,45
rcorr,config_strfGain,-0.21811150852,0.21811150852,45
peak_rate_abs_error_hz,Off_SOnOff_gSYN,0.215101511052,0.215101511052,45
noise_corrected_r_10ms,config_strfGain,-0.214357900382,0.214357900382,45
psth_50ms_pearson_r,ROn_g_inc,-0.21317247615,0.21317247615,45
psth_20ms_pearson_r,Off_ROn_gSYN,0.212758411927,0.212758411927,45
manual_fit_mds_y,config_paramH_alpha,-0.211991427913,0.211991427913,45
manual_fit_mds_y,peak_rate_abs_error_hz,0.211665269911,0.211665269911,57
manual_fit_mds_y,SOnOff_ROn_gSYN,-0.211111379439,0.211111379439,45
mds_distance_improvement,peak_latency_abs_error_ms,-0.208123910323,0.208123910323,57
mds_manual_fit_distance_to_data,peak_latency_abs_error_ms,0.208123910323,0.208123910323,57
psth_5ms_pearson_r,Off_ROn_gSYN,0.204366850502,0.204366850502,45
manual_fit_mds_x,manual_fit_mds_y,0.203872605555,0.203872605555,57
ROn_g_inc,offset_responsiveness_abs_error_Just_first_bump,-0.202528589184,0.202528589184,13
psth_5ms_sse,offset_responsiveness_abs_error,0.200528336788,0.200528336788,57
psth_50ms_sse,On_SOnOff_gSYN,-0.199480777759,0.199480777759,45
config_strfGain,SOnOff_ROn_gSYN,-0.198569048431,0.198569048431,45
psth_5ms_sse,SOnOff_ROn_gSYN,0.197483686485,0.197483686485,45
psth_20ms_sse,offset_responsiveness_abs_error_Just_first_bump,0.19438972515,0.19438972515,13
psth_20ms_cosine_similarity,Off_ROn_gSYN,0.192840349761,0.192840349761,45
mds_distance_improvement,psth_20ms_sse,-0.191018652399,0.191018652399,57
mds_manual_fit_distance_to_data,psth_20ms_sse,0.191018652399,0.191018652399,57
psth_20ms_sse,On_SOnOff_gSYN,-0.188739379233,0.188739379233,45
manual_fit_mds_y,On_ROn_gSYN,0.188442023722,0.188442023722,45
offset_responsiveness_abs_error,Off_ROn_gSYN,-0.18423239171,0.18423239171,45
config_strfGain,config_paramH_alpha,0.182928960945,0.182928960945,45
mds_distance_improvement,lifetime_sparseness_abs_error_20ms,-0.182823432542,0.182823432542,57
mds_distance_improvement,lifetime_sparseness_model_20ms,0.182823432542,0.182823432542,57
mds_manual_fit_distance_to_data,lifetime_sparseness_abs_error_20ms,0.182823432542,0.182823432542,57
mds_manual_fit_distance_to_data,lifetime_sparseness_model_20ms,-0.182823432542,0.182823432542,57
lifetime_sparseness_abs_error_20ms,config_strfGain,-0.182227934371,0.182227934371,45
lifetime_sparseness_model_20ms,config_strfGain,0.182227934369,0.182227934369,45
mds_distance_improvement,psth_10ms_sse,-0.182163362146,0.182163362146,57
mds_manual_fit_distance_to_data,psth_10ms_sse,0.182163362146,0.182163362146,57
psth_20ms_sse,On_ROn_gSYN,-0.182160583034,0.182160583034,45
manual_fit_mds_x,offset_responsiveness_abs_error,-0.182094638237,0.182094638237,57
manual_fit_mds_x,Off_SOnOff_gSYN,0.180208488601,0.180208488601,45
mds_distance_improvement,psth_5ms_sse,-0.17975949314,0.17975949314,57
mds_manual_fit_distance_to_data,psth_5ms_sse,0.17975949314,0.17975949314,57
peak_rate_abs_error_hz,onset_responsiveness_abs_error,0.178212872873,0.178212872873,57
psth_50ms_pearson_r,Off_ROn_gSYN,0.176802241926,0.176802241926,45
lifetime_sparseness_abs_error_20ms,ROn_g_inc,-0.175752364284,0.175752364284,45
lifetime_sparseness_model_20ms,ROn_g_inc,0.175752364284,0.175752364284,45
raw_raster_mae,Off_SOnOff_gSYN,0.175585252759,0.175585252759,45
raw_raster_mse,Off_SOnOff_gSYN,0.175585252759,0.175585252759,45
psth_10ms_sse,On_SOnOff_gSYN,-0.173065748298,0.173065748298,45
raw_raster_rmse,Off_SOnOff_gSYN,0.171194143818,0.171194143818,45
On_ROn_gSYN,ROn_g_inc,0.165493292499,0.165493292499,45
firing_rate_abs_error_hz,On_ROn_gSYN,0.164012983571,0.164012983571,45
manual_fit_mds_y,On_SOnOff_gSYN,0.162786390994,0.162786390994,45
split_half_model_20ms,offset_responsiveness_abs_error_Just_first_bump,-0.161055197368,0.161055197368,13
psth_5ms_sse,ROn_g_inc,-0.160874869185,0.160874869185,45
Off_SOnOff_gSYN,ROn_g_inc,-0.159029385107,0.159029385107,45
onset_responsiveness_abs_error,ROn_g_inc,-0.158313635793,0.158313635793,45
psth_10ms_sse,On_ROn_gSYN,-0.157845128536,0.157845128536,45
psth_10ms_pearson_r,ROn_g_inc,-0.157719240574,0.157719240574,45
rcorr,ROn_g_inc,-0.157719240574,0.157719240574,45
firing_rate_abs_error_hz,onset_responsiveness_abs_error,-0.15572626309,0.15572626309,57
firing_rate_abs_error_hz,Off_SOnOff_gSYN,0.154987910968,0.154987910968,45
config_strfGain,On_SOnOff_gSYN,0.153476431676,0.153476431676,45
noise_corrected_r_10ms,ROn_g_inc,-0.152619779924,0.152619779924,45
peak_rate_abs_error_hz,On_ROn_gSYN,0.151458186972,0.151458186972,45
psth_10ms_sse,ROn_g_inc,-0.151229848011,0.151229848011,45
psth_10ms_pearson_r,offset_responsiveness_abs_error_Just_first_bump,-0.150342181939,0.150342181939,13
rcorr,offset_responsiveness_abs_error_Just_first_bump,-0.150342181939,0.150342181939,13
psth_5ms_sse,On_SOnOff_gSYN,-0.149456385704,0.149456385704,45
peak_rate_abs_error_hz,config_strfGain,0.146172443366,0.146172443366,45
config_paramH_alpha,On_SOnOff_gSYN,-0.143871999244,0.143871999244,45
noise_corrected_r_10ms,offset_responsiveness_abs_error_Just_first_bump,-0.142776856997,0.142776856997,13
psth_50ms_sse,On_ROn_gSYN,-0.139809573519,0.139809573519,45
manual_fit_mds_y,config_strfGain,0.13672934211,0.13672934211,45
psth_50ms_sse,lifetime_sparseness_model_20ms,-0.135477019472,0.135477019472,57
psth_50ms_sse,lifetime_sparseness_abs_error_20ms,0.135477019472,0.135477019472,57
raw_raster_mae,onset_responsiveness_abs_error,-0.130388416297,0.130388416297,57
raw_raster_mse,onset_responsiveness_abs_error,-0.130388416297,0.130388416297,57
raw_raster_rmse,onset_responsiveness_abs_error,-0.125935363348,0.125935363348,57
psth_20ms_sse,ROn_g_inc,-0.123059198043,0.123059198043,45
mds_distance_improvement,psth_50ms_sse,-0.121903561272,0.121903561272,57
mds_manual_fit_distance_to_data,psth_50ms_sse,0.121903561271,0.121903561271,57
psth_50ms_sse,peak_latency_abs_error_ms,0.121663349073,0.121663349073,57
manual_fit_mds_y,psth_50ms_sse,0.120983839415,0.120983839415,57
config_strfGain,ROn_g_inc,-0.120735970627,0.120735970627,45
psth_5ms_sse,On_ROn_gSYN,-0.120237665831,0.120237665831,45
firing_rate_abs_error_hz,ROn_g_inc,-0.119612951364,0.119612951364,45
psth_20ms_cosine_similarity,ROn_g_inc,-0.11823519485,0.11823519485,45
peak_rate_abs_error_hz,SOnOff_ROn_gSYN,0.116974200258,0.116974200258,45
raw_raster_rmse,On_SOnOff_gSYN,0.114399887584,0.114399887584,45
onset_responsiveness_abs_error,SOnOff_ROn_gSYN,-0.114345736064,0.114345736064,45
offset_responsiveness_abs_error,ROn_g_inc,-0.11296623752,0.11296623752,45
offset_responsiveness_abs_error,config_strfGain,0.111740695684,0.111740695684,45
manual_fit_mds_x,On_ROn_gSYN,0.110905064196,0.110905064196,45
manual_fit_mds_y,Off_SOnOff_gSYN,-0.109479832436,0.109479832436,45
raw_raster_rmse,SOnOff_ROn_gSYN,-0.109173651005,0.109173651005,45
offset_responsiveness_abs_error,config_paramH_alpha,0.10795441424,0.10795441424,45
raw_raster_mae,On_SOnOff_gSYN,0.106318364784,0.106318364784,45
raw_raster_mse,On_SOnOff_gSYN,0.106318364784,0.106318364784,45
psth_20ms_pearson_r,ROn_g_inc,-0.105230301854,0.105230301854,45
mds_distance_improvement,manual_fit_mds_x,0.102753720086,0.102753720086,57
mds_manual_fit_distance_to_data,manual_fit_mds_x,-0.102753720086,0.102753720086,57
manual_fit_mds_x,onset_responsiveness_abs_error,0.102607135366,0.102607135366,57
manual_fit_mds_x,On_SOnOff_gSYN,0.101338239101,0.101338239101,45
psth_10ms_sse,offset_responsiveness_abs_error_Just_first_bump,-0.0997750339552,0.0997750339552,13
raw_raster_mae,On_ROn_gSYN,0.0984356726808,0.0984356726808,45
raw_raster_mse,On_ROn_gSYN,0.0984356726808,0.0984356726808,45
raw_raster_mae,SOnOff_ROn_gSYN,-0.096605128066,0.096605128066,45
raw_raster_mse,SOnOff_ROn_gSYN,-0.096605128066,0.096605128066,45
split_half_model_20ms,On_SOnOff_gSYN,-0.0958694438386,0.0958694438386,45
manual_fit_mds_y,Off_ROn_gSYN,-0.0939548028393,0.0939548028393,45
raw_raster_rmse,On_ROn_gSYN,0.0931394583991,0.0931394583991,45
firing_rate_abs_error_hz,On_SOnOff_gSYN,0.0894995209071,0.0894995209071,45
manual_fit_mds_x,peak_latency_abs_error_ms,-0.0868101990935,0.0868101990935,57
mds_manual_fit_distance_to_data,peak_rate_abs_error_hz,-0.084880933974,0.084880933974,57
mds_distance_improvement,peak_rate_abs_error_hz,0.0848809339736,0.0848809339736,57
psth_20ms_sse,peak_latency_abs_error_ms,0.0843538279774,0.0843538279774,57
config_paramH_alpha,offset_responsiveness_abs_error_Just_first_bump,0.0843094190493,0.0843094190493,13
psth_10ms_sse,split_half_model_20ms,0.08369579936,0.08369579936,57
psth_5ms_sse,split_half_model_20ms,0.0817409036356,0.0817409036356,57
psth_20ms_sse,lifetime_sparseness_model_20ms,-0.0773229131352,0.0773229131352,57
psth_20ms_sse,lifetime_sparseness_abs_error_20ms,0.0773229131346,0.0773229131346,57
split_half_model_20ms,SOnOff_ROn_gSYN,0.0732309254752,0.0732309254752,45
manual_fit_mds_x,SOnOff_ROn_gSYN,-0.0715033271542,0.0715033271542,45
config_paramH_alpha,ROn_g_inc,-0.0689607947193,0.0689607947193,45
firing_rate_abs_error_hz,SOnOff_ROn_gSYN,-0.068593280939,0.068593280939,45
Off_ROn_gSYN,ROn_g_inc,-0.067855594965,0.067855594965,45
psth_50ms_sse,onset_responsiveness_abs_error,-0.0676823901357,0.0676823901357,57
manual_fit_mds_x,psth_5ms_pearson_r,0.0655720021154,0.0655720021154,57
firing_rate_abs_error_hz,Off_ROn_gSYN,-0.062818384764,0.062818384764,45
peak_rate_abs_error_hz,offset_responsiveness_abs_error,0.0627430733832,0.0627430733832,57
manual_fit_mds_y,psth_10ms_sse,0.0627029279748,0.0627029279748,57
manual_fit_mds_x,psth_50ms_pearson_r,0.0621111454471,0.0621111454471,57
peak_rate_abs_error_hz,ROn_g_inc,0.0602341144746,0.0602341144746,45
psth_5ms_pearson_r,offset_responsiveness_abs_error_Just_first_bump,0.0596955465211,0.0596955465211,13
psth_50ms_sse,ROn_g_inc,-0.0567281689881,0.0567281689881,45
manual_fit_mds_y,psth_5ms_sse,0.0564669533029,0.0564669533029,57
manual_fit_mds_y,psth_20ms_sse,0.0562510301437,0.0562510301437,57
manual_fit_mds_x,lifetime_sparseness_abs_error_20ms,0.0544244349629,0.0544244349629,57
manual_fit_mds_x,lifetime_sparseness_model_20ms,-0.0544244349627,0.0544244349627,57
manual_fit_mds_x,Off_ROn_gSYN,0.0528354363229,0.0528354363229,45
SOnOff_ROn_gSYN,ROn_g_inc,0.0459650289911,0.0459650289911,45
psth_10ms_sse,onset_responsiveness_abs_error,-0.0451153061725,0.0451153061725,57
psth_50ms_sse,split_half_model_20ms,-0.0432566572565,0.0432566572565,57
manual_fit_mds_x,psth_20ms_pearson_r,-0.0420762466714,0.0420762466714,57
psth_10ms_sse,peak_latency_abs_error_ms,0.040884520479,0.040884520479,57
psth_5ms_pearson_r,config_strfGain,-0.0406080841981,0.0406080841981,45
onset_responsiveness_abs_error,config_paramH_alpha,0.0401679278779,0.0401679278779,45
psth_5ms_sse,peak_latency_abs_error_ms,0.0401574213046,0.0401574213046,57
psth_50ms_pearson_r,config_paramH_alpha,0.0396106264298,0.0396106264298,45
manual_fit_mds_x,psth_20ms_cosine_similarity,-0.036190837909,0.036190837909,57
On_SOnOff_gSYN,ROn_g_inc,-0.02915598923,0.02915598923,45
psth_20ms_sse,split_half_model_20ms,0.0245517595379,0.0245517595379,57
psth_5ms_sse,onset_responsiveness_abs_error,-0.0236631590529,0.0236631590529,57
psth_20ms_sse,onset_responsiveness_abs_error,-0.0234921630465,0.0234921630465,57
psth_5ms_sse,lifetime_sparseness_model_20ms,-0.0195388089341,0.0195388089341,57
psth_5ms_sse,lifetime_sparseness_abs_error_20ms,0.0195388089336,0.0195388089336,57
raw_raster_mae,Off_ROn_gSYN,-0.0190535022127,0.0190535022127,45
raw_raster_mse,Off_ROn_gSYN,-0.0190535022127,0.0190535022127,45
mds_distance_improvement,Off_ROn_gSYN,0.0184642663314,0.0184642663314,45
mds_manual_fit_distance_to_data,Off_ROn_gSYN,-0.0184642663313,0.0184642663313,45
psth_10ms_sse,lifetime_sparseness_model_20ms,-0.0181491490427,0.0181491490427,57
psth_10ms_sse,lifetime_sparseness_abs_error_20ms,0.0181491490422,0.0181491490422,57
config_strfGain,Off_ROn_gSYN,0.0156830030332,0.0156830030332,45
raw_raster_rmse,Off_ROn_gSYN,-0.0143591429382,0.0143591429382,45
mds_manual_fit_distance_to_data,config_strfGain,-0.00861216434872,0.00861216434872,45
mds_distance_improvement,config_strfGain,0.00861216434858,0.00861216434858,45
mds_manual_fit_distance_to_data,ROn_g_inc,-0.00713971730492,0.00713971730492,45
mds_distance_improvement,ROn_g_inc,0.00713971730465,0.00713971730465,45
peak_rate_abs_error_hz,On_SOnOff_gSYN,0.00326249107186,0.00326249107186,45
manual_fit_mds_y,ROn_g_inc,0.00267425824926,0.00267425824926,45
manual_fit_mds_x,psth_10ms_pearson_r,-0.000779514195333,0.000779514195333,57
manual_fit_mds_x,rcorr,-0.000779514195333,0.000779514195333,57
manual_fit_mds_x,noise_corrected_r_10ms,-0.000725657596985,0.000725657596985,57
Off_ROn_gSYN,ROn_tau_ad,nan,nan,45
Off_SOnOff_gSYN,ROn_tau_ad,nan,nan,45
Off_SOnOff_gSYN,offset_responsiveness_abs_error_Just_first_bump,nan,nan,13
On_ROn_gSYN,ROn_tau_ad,nan,nan,45
On_SOnOff_gSYN,ROn_tau_ad,nan,nan,45
ROn_tau_ad,ROn_g_inc,nan,nan,45
ROn_tau_ad,offset_responsiveness_abs_error_Just_first_bump,nan,nan,13
SOnOff_ROn_gSYN,ROn_tau_ad,nan,nan,45
config_paramH_alpha,ROn_tau_ad,nan,nan,45
config_strfGain,ROn_tau_ad,nan,nan,45
firing_rate_abs_error_hz,ROn_tau_ad,nan,nan,45
lifetime_sparseness_abs_error_20ms,ROn_tau_ad,nan,nan,45
lifetime_sparseness_data_20ms,Off_ROn_gSYN,nan,nan,45
lifetime_sparseness_data_20ms,Off_SOnOff_gSYN,nan,nan,45
lifetime_sparseness_data_20ms,On_ROn_gSYN,nan,nan,45
lifetime_sparseness_data_20ms,On_SOnOff_gSYN,nan,nan,45
lifetime_sparseness_data_20ms,ROn_g_inc,nan,nan,45
lifetime_sparseness_data_20ms,ROn_tau_ad,nan,nan,45
lifetime_sparseness_data_20ms,SOnOff_ROn_gSYN,nan,nan,45
lifetime_sparseness_data_20ms,config_paramH_alpha,nan,nan,45
lifetime_sparseness_data_20ms,config_strfGain,nan,nan,45
lifetime_sparseness_data_20ms,firing_rate_abs_error_hz,nan,nan,57
lifetime_sparseness_data_20ms,lifetime_sparseness_abs_error_20ms,nan,nan,57
lifetime_sparseness_data_20ms,lifetime_sparseness_model_20ms,nan,nan,57
lifetime_sparseness_data_20ms,offset_responsiveness_abs_error,nan,nan,57
lifetime_sparseness_data_20ms,offset_responsiveness_abs_error_Just_first_bump,nan,nan,13
lifetime_sparseness_data_20ms,onset_responsiveness_abs_error,nan,nan,57
lifetime_sparseness_data_20ms,peak_latency_abs_error_ms,nan,nan,57
lifetime_sparseness_data_20ms,peak_rate_abs_error_hz,nan,nan,57
lifetime_sparseness_model_20ms,ROn_tau_ad,nan,nan,45
manual_best_batch_idx,Off_ROn_gSYN,nan,nan,45
manual_best_batch_idx,Off_SOnOff_gSYN,nan,nan,45
manual_best_batch_idx,On_ROn_gSYN,nan,nan,45
manual_best_batch_idx,On_SOnOff_gSYN,nan,nan,45
manual_best_batch_idx,ROn_g_inc,nan,nan,45
manual_best_batch_idx,ROn_tau_ad,nan,nan,45
manual_best_batch_idx,SOnOff_ROn_gSYN,nan,nan,45
manual_best_batch_idx,config_paramH_alpha,nan,nan,45
manual_best_batch_idx,config_strfGain,nan,nan,45
manual_best_batch_idx,firing_rate_abs_error_hz,nan,nan,57
manual_best_batch_idx,lifetime_sparseness_abs_error_20ms,nan,nan,57
manual_best_batch_idx,lifetime_sparseness_data_20ms,nan,nan,57
manual_best_batch_idx,lifetime_sparseness_model_20ms,nan,nan,57
manual_best_batch_idx,manual_fit_mds_x,nan,nan,57
manual_best_batch_idx,manual_fit_mds_y,nan,nan,57
manual_best_batch_idx,mds_distance_improvement,nan,nan,57
manual_best_batch_idx,mds_manual_fit_distance_to_data,nan,nan,57
manual_best_batch_idx,mds_original_model_distance_to_data,nan,nan,57
manual_best_batch_idx,noise_corrected_r_10ms,nan,nan,57
manual_best_batch_idx,offset_responsiveness_abs_error,nan,nan,57
manual_best_batch_idx,offset_responsiveness_abs_error_Just_first_bump,nan,nan,13
manual_best_batch_idx,onset_responsiveness_abs_error,nan,nan,57
manual_best_batch_idx,peak_latency_abs_error_ms,nan,nan,57
manual_best_batch_idx,peak_rate_abs_error_hz,nan,nan,57
manual_best_batch_idx,psth_10ms_pearson_r,nan,nan,57
manual_best_batch_idx,psth_10ms_sse,nan,nan,57
manual_best_batch_idx,psth_20ms_cosine_similarity,nan,nan,57
manual_best_batch_idx,psth_20ms_pearson_r,nan,nan,57
manual_best_batch_idx,psth_20ms_sse,nan,nan,57
manual_best_batch_idx,psth_50ms_pearson_r,nan,nan,57
manual_best_batch_idx,psth_50ms_sse,nan,nan,57
manual_best_batch_idx,psth_5ms_pearson_r,nan,nan,57
manual_best_batch_idx,psth_5ms_sse,nan,nan,57
manual_best_batch_idx,raw_raster_mae,nan,nan,57
manual_best_batch_idx,raw_raster_mse,nan,nan,57
manual_best_batch_idx,raw_raster_rmse,nan,nan,57
manual_best_batch_idx,rcorr,nan,nan,57
manual_best_batch_idx,reference_best_batch_idx,nan,nan,57
manual_best_batch_idx,reference_data_mds_x,nan,nan,57
manual_best_batch_idx,reference_data_mds_y,nan,nan,57
manual_best_batch_idx,reference_model_mds_x,nan,nan,57
manual_best_batch_idx,reference_model_mds_y,nan,nan,57
manual_best_batch_idx,split_half_data_20ms,nan,nan,57
manual_best_batch_idx,split_half_model_20ms,nan,nan,57
manual_fit_mds_x,ROn_tau_ad,nan,nan,45
manual_fit_mds_x,lifetime_sparseness_data_20ms,nan,nan,57
manual_fit_mds_x,split_half_data_20ms,nan,nan,57
manual_fit_mds_y,ROn_tau_ad,nan,nan,45
manual_fit_mds_y,lifetime_sparseness_data_20ms,nan,nan,57
manual_fit_mds_y,split_half_data_20ms,nan,nan,57
mds_distance_improvement,ROn_tau_ad,nan,nan,45
mds_distance_improvement,lifetime_sparseness_data_20ms,nan,nan,57
mds_distance_improvement,reference_data_mds_x,nan,nan,57
mds_distance_improvement,reference_data_mds_y,nan,nan,57
mds_distance_improvement,reference_model_mds_x,nan,nan,57
mds_distance_improvement,reference_model_mds_y,nan,nan,57
mds_distance_improvement,split_half_data_20ms,nan,nan,57
mds_manual_fit_distance_to_data,ROn_tau_ad,nan,nan,45
mds_manual_fit_distance_to_data,lifetime_sparseness_data_20ms,nan,nan,57
mds_manual_fit_distance_to_data,mds_original_model_distance_to_data,nan,nan,57
mds_manual_fit_distance_to_data,reference_data_mds_x,nan,nan,57
mds_manual_fit_distance_to_data,reference_data_mds_y,nan,nan,57
mds_manual_fit_distance_to_data,reference_model_mds_x,nan,nan,57
mds_manual_fit_distance_to_data,reference_model_mds_y,nan,nan,57
mds_manual_fit_distance_to_data,split_half_data_20ms,nan,nan,57
mds_original_model_distance_to_data,Off_ROn_gSYN,nan,nan,45
mds_original_model_distance_to_data,Off_SOnOff_gSYN,nan,nan,45
mds_original_model_distance_to_data,On_ROn_gSYN,nan,nan,45
mds_original_model_distance_to_data,On_SOnOff_gSYN,nan,nan,45
mds_original_model_distance_to_data,ROn_g_inc,nan,nan,45
mds_original_model_distance_to_data,ROn_tau_ad,nan,nan,45
mds_original_model_distance_to_data,SOnOff_ROn_gSYN,nan,nan,45
mds_original_model_distance_to_data,config_paramH_alpha,nan,nan,45
mds_original_model_distance_to_data,config_strfGain,nan,nan,45
mds_original_model_distance_to_data,firing_rate_abs_error_hz,nan,nan,57
mds_original_model_distance_to_data,lifetime_sparseness_abs_error_20ms,nan,nan,57
mds_original_model_distance_to_data,lifetime_sparseness_data_20ms,nan,nan,57
mds_original_model_distance_to_data,lifetime_sparseness_model_20ms,nan,nan,57
mds_original_model_distance_to_data,manual_fit_mds_x,nan,nan,57
mds_original_model_distance_to_data,manual_fit_mds_y,nan,nan,57
mds_original_model_distance_to_data,mds_distance_improvement,nan,nan,57
mds_original_model_distance_to_data,noise_corrected_r_10ms,nan,nan,57
mds_original_model_distance_to_data,offset_responsiveness_abs_error,nan,nan,57
mds_original_model_distance_to_data,offset_responsiveness_abs_error_Just_first_bump,nan,nan,13
mds_original_model_distance_to_data,onset_responsiveness_abs_error,nan,nan,57
mds_original_model_distance_to_data,peak_latency_abs_error_ms,nan,nan,57
mds_original_model_distance_to_data,peak_rate_abs_error_hz,nan,nan,57
mds_original_model_distance_to_data,psth_10ms_pearson_r,nan,nan,57
mds_original_model_distance_to_data,psth_10ms_sse,nan,nan,57
mds_original_model_distance_to_data,psth_20ms_cosine_similarity,nan,nan,57
mds_original_model_distance_to_data,psth_20ms_pearson_r,nan,nan,57
mds_original_model_distance_to_data,psth_20ms_sse,nan,nan,57
mds_original_model_distance_to_data,psth_50ms_pearson_r,nan,nan,57
mds_original_model_distance_to_data,psth_50ms_sse,nan,nan,57
mds_original_model_distance_to_data,psth_5ms_pearson_r,nan,nan,57
mds_original_model_distance_to_data,psth_5ms_sse,nan,nan,57
mds_original_model_distance_to_data,raw_raster_mae,nan,nan,57
mds_original_model_distance_to_data,raw_raster_mse,nan,nan,57
mds_original_model_distance_to_data,raw_raster_rmse,nan,nan,57
mds_original_model_distance_to_data,rcorr,nan,nan,57
mds_original_model_distance_to_data,reference_data_mds_x,nan,nan,57
mds_original_model_distance_to_data,reference_data_mds_y,nan,nan,57
mds_original_model_distance_to_data,reference_model_mds_x,nan,nan,57
mds_original_model_distance_to_data,reference_model_mds_y,nan,nan,57
mds_original_model_distance_to_data,split_half_data_20ms,nan,nan,57
mds_original_model_distance_to_data,split_half_model_20ms,nan,nan,57
noise_corrected_r_10ms,ROn_tau_ad,nan,nan,45
noise_corrected_r_10ms,lifetime_sparseness_data_20ms,nan,nan,57
offset_responsiveness_abs_error,ROn_tau_ad,nan,nan,45
offset_responsiveness_abs_error,offset_responsiveness_abs_error_Just_first_bump,nan,nan,13
onset_responsiveness_abs_error,ROn_tau_ad,nan,nan,45
peak_latency_abs_error_ms,Off_ROn_gSYN,nan,nan,45
peak_latency_abs_error_ms,Off_SOnOff_gSYN,nan,nan,45
peak_latency_abs_error_ms,On_ROn_gSYN,nan,nan,45
peak_latency_abs_error_ms,On_SOnOff_gSYN,nan,nan,45
peak_latency_abs_error_ms,ROn_g_inc,nan,nan,45
peak_latency_abs_error_ms,ROn_tau_ad,nan,nan,45
peak_latency_abs_error_ms,SOnOff_ROn_gSYN,nan,nan,45
peak_latency_abs_error_ms,config_paramH_alpha,nan,nan,45
peak_latency_abs_error_ms,config_strfGain,nan,nan,45
peak_latency_abs_error_ms,offset_responsiveness_abs_error_Just_first_bump,nan,nan,13
peak_rate_abs_error_hz,ROn_tau_ad,nan,nan,45
psth_10ms_pearson_r,ROn_tau_ad,nan,nan,45
psth_10ms_pearson_r,lifetime_sparseness_data_20ms,nan,nan,57
psth_10ms_pearson_r,split_half_data_20ms,nan,nan,57
psth_10ms_sse,ROn_tau_ad,nan,nan,45
psth_10ms_sse,lifetime_sparseness_data_20ms,nan,nan,57
psth_10ms_sse,split_half_data_20ms,nan,nan,57
psth_20ms_cosine_similarity,ROn_tau_ad,nan,nan,45
psth_20ms_cosine_similarity,lifetime_sparseness_data_20ms,nan,nan,57
psth_20ms_cosine_similarity,split_half_data_20ms,nan,nan,57
psth_20ms_pearson_r,ROn_tau_ad,nan,nan,45
psth_20ms_pearson_r,lifetime_sparseness_data_20ms,nan,nan,57
psth_20ms_pearson_r,split_half_data_20ms,nan,nan,57
psth_20ms_sse,ROn_tau_ad,nan,nan,45
psth_20ms_sse,lifetime_sparseness_data_20ms,nan,nan,57
psth_20ms_sse,split_half_data_20ms,nan,nan,57
psth_50ms_pearson_r,ROn_tau_ad,nan,nan,45
psth_50ms_pearson_r,lifetime_sparseness_data_20ms,nan,nan,57
psth_50ms_pearson_r,split_half_data_20ms,nan,nan,57
psth_50ms_sse,ROn_tau_ad,nan,nan,45
psth_50ms_sse,lifetime_sparseness_data_20ms,nan,nan,57
psth_50ms_sse,split_half_data_20ms,nan,nan,57
psth_5ms_pearson_r,ROn_tau_ad,nan,nan,45
psth_5ms_pearson_r,lifetime_sparseness_data_20ms,nan,nan,57
psth_5ms_pearson_r,split_half_data_20ms,nan,nan,57
psth_5ms_sse,ROn_tau_ad,nan,nan,45
psth_5ms_sse,lifetime_sparseness_data_20ms,nan,nan,57
psth_5ms_sse,split_half_data_20ms,nan,nan,57
raw_raster_mae,ROn_tau_ad,nan,nan,45
raw_raster_mae,lifetime_sparseness_data_20ms,nan,nan,57
raw_raster_mae,split_half_data_20ms,nan,nan,57
raw_raster_mse,ROn_tau_ad,nan,nan,45
raw_raster_mse,lifetime_sparseness_data_20ms,nan,nan,57
raw_raster_mse,split_half_data_20ms,nan,nan,57
raw_raster_rmse,ROn_tau_ad,nan,nan,45
raw_raster_rmse,lifetime_sparseness_data_20ms,nan,nan,57
raw_raster_rmse,split_half_data_20ms,nan,nan,57
rcorr,ROn_tau_ad,nan,nan,45
rcorr,lifetime_sparseness_data_20ms,nan,nan,57
rcorr,split_half_data_20ms,nan,nan,57
reference_best_batch_idx,Off_ROn_gSYN,nan,nan,45
reference_best_batch_idx,Off_SOnOff_gSYN,nan,nan,45
reference_best_batch_idx,On_ROn_gSYN,nan,nan,45
reference_best_batch_idx,On_SOnOff_gSYN,nan,nan,45
reference_best_batch_idx,ROn_g_inc,nan,nan,45
reference_best_batch_idx,ROn_tau_ad,nan,nan,45
reference_best_batch_idx,SOnOff_ROn_gSYN,nan,nan,45
reference_best_batch_idx,config_paramH_alpha,nan,nan,45
reference_best_batch_idx,config_strfGain,nan,nan,45
reference_best_batch_idx,firing_rate_abs_error_hz,nan,nan,57
reference_best_batch_idx,lifetime_sparseness_abs_error_20ms,nan,nan,57
reference_best_batch_idx,lifetime_sparseness_data_20ms,nan,nan,57
reference_best_batch_idx,lifetime_sparseness_model_20ms,nan,nan,57
reference_best_batch_idx,manual_fit_mds_x,nan,nan,57
reference_best_batch_idx,manual_fit_mds_y,nan,nan,57
reference_best_batch_idx,mds_distance_improvement,nan,nan,57
reference_best_batch_idx,mds_manual_fit_distance_to_data,nan,nan,57
reference_best_batch_idx,mds_original_model_distance_to_data,nan,nan,57
reference_best_batch_idx,noise_corrected_r_10ms,nan,nan,57
reference_best_batch_idx,offset_responsiveness_abs_error,nan,nan,57
reference_best_batch_idx,offset_responsiveness_abs_error_Just_first_bump,nan,nan,13
reference_best_batch_idx,onset_responsiveness_abs_error,nan,nan,57
reference_best_batch_idx,peak_latency_abs_error_ms,nan,nan,57
reference_best_batch_idx,peak_rate_abs_error_hz,nan,nan,57
reference_best_batch_idx,psth_10ms_pearson_r,nan,nan,57
reference_best_batch_idx,psth_10ms_sse,nan,nan,57
reference_best_batch_idx,psth_20ms_cosine_similarity,nan,nan,57
reference_best_batch_idx,psth_20ms_pearson_r,nan,nan,57
reference_best_batch_idx,psth_20ms_sse,nan,nan,57
reference_best_batch_idx,psth_50ms_pearson_r,nan,nan,57
reference_best_batch_idx,psth_50ms_sse,nan,nan,57
reference_best_batch_idx,psth_5ms_pearson_r,nan,nan,57
reference_best_batch_idx,psth_5ms_sse,nan,nan,57
reference_best_batch_idx,raw_raster_mae,nan,nan,57
reference_best_batch_idx,raw_raster_mse,nan,nan,57
reference_best_batch_idx,raw_raster_rmse,nan,nan,57
reference_best_batch_idx,rcorr,nan,nan,57
reference_best_batch_idx,reference_data_mds_x,nan,nan,57
reference_best_batch_idx,reference_data_mds_y,nan,nan,57
reference_best_batch_idx,reference_model_mds_x,nan,nan,57
reference_best_batch_idx,reference_model_mds_y,nan,nan,57
reference_best_batch_idx,split_half_data_20ms,nan,nan,57
reference_best_batch_idx,split_half_model_20ms,nan,nan,57
reference_data_mds_x,Off_ROn_gSYN,nan,nan,45
reference_data_mds_x,Off_SOnOff_gSYN,nan,nan,45
reference_data_mds_x,On_ROn_gSYN,nan,nan,45
reference_data_mds_x,On_SOnOff_gSYN,nan,nan,45
reference_data_mds_x,ROn_g_inc,nan,nan,45
reference_data_mds_x,ROn_tau_ad,nan,nan,45
reference_data_mds_x,SOnOff_ROn_gSYN,nan,nan,45
reference_data_mds_x,config_paramH_alpha,nan,nan,45
reference_data_mds_x,config_strfGain,nan,nan,45
reference_data_mds_x,firing_rate_abs_error_hz,nan,nan,57
reference_data_mds_x,lifetime_sparseness_abs_error_20ms,nan,nan,57
reference_data_mds_x,lifetime_sparseness_data_20ms,nan,nan,57
reference_data_mds_x,lifetime_sparseness_model_20ms,nan,nan,57
reference_data_mds_x,manual_fit_mds_x,nan,nan,57
reference_data_mds_x,manual_fit_mds_y,nan,nan,57
reference_data_mds_x,noise_corrected_r_10ms,nan,nan,57
reference_data_mds_x,offset_responsiveness_abs_error,nan,nan,57
reference_data_mds_x,offset_responsiveness_abs_error_Just_first_bump,nan,nan,13
reference_data_mds_x,onset_responsiveness_abs_error,nan,nan,57
reference_data_mds_x,peak_latency_abs_error_ms,nan,nan,57
reference_data_mds_x,peak_rate_abs_error_hz,nan,nan,57
reference_data_mds_x,psth_10ms_pearson_r,nan,nan,57
reference_data_mds_x,psth_10ms_sse,nan,nan,57
reference_data_mds_x,psth_20ms_cosine_similarity,nan,nan,57
reference_data_mds_x,psth_20ms_pearson_r,nan,nan,57
reference_data_mds_x,psth_20ms_sse,nan,nan,57
reference_data_mds_x,psth_50ms_pearson_r,nan,nan,57
reference_data_mds_x,psth_50ms_sse,nan,nan,57
reference_data_mds_x,psth_5ms_pearson_r,nan,nan,57
reference_data_mds_x,psth_5ms_sse,nan,nan,57
reference_data_mds_x,raw_raster_mae,nan,nan,57
reference_data_mds_x,raw_raster_mse,nan,nan,57
reference_data_mds_x,raw_raster_rmse,nan,nan,57
reference_data_mds_x,rcorr,nan,nan,57
reference_data_mds_x,reference_data_mds_y,nan,nan,57
reference_data_mds_x,reference_model_mds_x,nan,nan,57
reference_data_mds_x,reference_model_mds_y,nan,nan,57
reference_data_mds_x,split_half_data_20ms,nan,nan,57
reference_data_mds_x,split_half_model_20ms,nan,nan,57
reference_data_mds_y,Off_ROn_gSYN,nan,nan,45
reference_data_mds_y,Off_SOnOff_gSYN,nan,nan,45
reference_data_mds_y,On_ROn_gSYN,nan,nan,45
reference_data_mds_y,On_SOnOff_gSYN,nan,nan,45
reference_data_mds_y,ROn_g_inc,nan,nan,45
reference_data_mds_y,ROn_tau_ad,nan,nan,45
reference_data_mds_y,SOnOff_ROn_gSYN,nan,nan,45
reference_data_mds_y,config_paramH_alpha,nan,nan,45
reference_data_mds_y,config_strfGain,nan,nan,45
reference_data_mds_y,firing_rate_abs_error_hz,nan,nan,57
reference_data_mds_y,lifetime_sparseness_abs_error_20ms,nan,nan,57
reference_data_mds_y,lifetime_sparseness_data_20ms,nan,nan,57
reference_data_mds_y,lifetime_sparseness_model_20ms,nan,nan,57
reference_data_mds_y,manual_fit_mds_x,nan,nan,57
reference_data_mds_y,manual_fit_mds_y,nan,nan,57
reference_data_mds_y,noise_corrected_r_10ms,nan,nan,57
reference_data_mds_y,offset_responsiveness_abs_error,nan,nan,57
reference_data_mds_y,offset_responsiveness_abs_error_Just_first_bump,nan,nan,13
reference_data_mds_y,onset_responsiveness_abs_error,nan,nan,57
reference_data_mds_y,peak_latency_abs_error_ms,nan,nan,57
reference_data_mds_y,peak_rate_abs_error_hz,nan,nan,57
reference_data_mds_y,psth_10ms_pearson_r,nan,nan,57
reference_data_mds_y,psth_10ms_sse,nan,nan,57
reference_data_mds_y,psth_20ms_cosine_similarity,nan,nan,57
reference_data_mds_y,psth_20ms_pearson_r,nan,nan,57
reference_data_mds_y,psth_20ms_sse,nan,nan,57
reference_data_mds_y,psth_50ms_pearson_r,nan,nan,57
reference_data_mds_y,psth_50ms_sse,nan,nan,57
reference_data_mds_y,psth_5ms_pearson_r,nan,nan,57
reference_data_mds_y,psth_5ms_sse,nan,nan,57
reference_data_mds_y,raw_raster_mae,nan,nan,57
reference_data_mds_y,raw_raster_mse,nan,nan,57
reference_data_mds_y,raw_raster_rmse,nan,nan,57
reference_data_mds_y,rcorr,nan,nan,57
reference_data_mds_y,reference_model_mds_x,nan,nan,57
reference_data_mds_y,reference_model_mds_y,nan,nan,57
reference_data_mds_y,split_half_data_20ms,nan,nan,57
reference_data_mds_y,split_half_model_20ms,nan,nan,57
reference_model_mds_x,Off_ROn_gSYN,nan,nan,45
reference_model_mds_x,Off_SOnOff_gSYN,nan,nan,45
reference_model_mds_x,On_ROn_gSYN,nan,nan,45
reference_model_mds_x,On_SOnOff_gSYN,nan,nan,45
reference_model_mds_x,ROn_g_inc,nan,nan,45
reference_model_mds_x,ROn_tau_ad,nan,nan,45
reference_model_mds_x,SOnOff_ROn_gSYN,nan,nan,45
reference_model_mds_x,config_paramH_alpha,nan,nan,45
reference_model_mds_x,config_strfGain,nan,nan,45
reference_model_mds_x,firing_rate_abs_error_hz,nan,nan,57
reference_model_mds_x,lifetime_sparseness_abs_error_20ms,nan,nan,57
reference_model_mds_x,lifetime_sparseness_data_20ms,nan,nan,57
reference_model_mds_x,lifetime_sparseness_model_20ms,nan,nan,57
reference_model_mds_x,manual_fit_mds_x,nan,nan,57
reference_model_mds_x,manual_fit_mds_y,nan,nan,57
reference_model_mds_x,noise_corrected_r_10ms,nan,nan,57
reference_model_mds_x,offset_responsiveness_abs_error,nan,nan,57
reference_model_mds_x,offset_responsiveness_abs_error_Just_first_bump,nan,nan,13
reference_model_mds_x,onset_responsiveness_abs_error,nan,nan,57
reference_model_mds_x,peak_latency_abs_error_ms,nan,nan,57
reference_model_mds_x,peak_rate_abs_error_hz,nan,nan,57
reference_model_mds_x,psth_10ms_pearson_r,nan,nan,57
reference_model_mds_x,psth_10ms_sse,nan,nan,57
reference_model_mds_x,psth_20ms_cosine_similarity,nan,nan,57
reference_model_mds_x,psth_20ms_pearson_r,nan,nan,57
reference_model_mds_x,psth_20ms_sse,nan,nan,57
reference_model_mds_x,psth_50ms_pearson_r,nan,nan,57
reference_model_mds_x,psth_50ms_sse,nan,nan,57
reference_model_mds_x,psth_5ms_pearson_r,nan,nan,57
reference_model_mds_x,psth_5ms_sse,nan,nan,57
reference_model_mds_x,raw_raster_mae,nan,nan,57
reference_model_mds_x,raw_raster_mse,nan,nan,57
reference_model_mds_x,raw_raster_rmse,nan,nan,57
reference_model_mds_x,rcorr,nan,nan,57
reference_model_mds_x,reference_model_mds_y,nan,nan,57
reference_model_mds_x,split_half_data_20ms,nan,nan,57
reference_model_mds_x,split_half_model_20ms,nan,nan,57
reference_model_mds_y,Off_ROn_gSYN,nan,nan,45
reference_model_mds_y,Off_SOnOff_gSYN,nan,nan,45
reference_model_mds_y,On_ROn_gSYN,nan,nan,45
reference_model_mds_y,On_SOnOff_gSYN,nan,nan,45
reference_model_mds_y,ROn_g_inc,nan,nan,45
reference_model_mds_y,ROn_tau_ad,nan,nan,45
reference_model_mds_y,SOnOff_ROn_gSYN,nan,nan,45
reference_model_mds_y,config_paramH_alpha,nan,nan,45
reference_model_mds_y,config_strfGain,nan,nan,45
reference_model_mds_y,firing_rate_abs_error_hz,nan,nan,57
reference_model_mds_y,lifetime_sparseness_abs_error_20ms,nan,nan,57
reference_model_mds_y,lifetime_sparseness_data_20ms,nan,nan,57
reference_model_mds_y,lifetime_sparseness_model_20ms,nan,nan,57
reference_model_mds_y,manual_fit_mds_x,nan,nan,57
reference_model_mds_y,manual_fit_mds_y,nan,nan,57
reference_model_mds_y,noise_corrected_r_10ms,nan,nan,57
reference_model_mds_y,offset_responsiveness_abs_error,nan,nan,57
reference_model_mds_y,offset_responsiveness_abs_error_Just_first_bump,nan,nan,13
reference_model_mds_y,onset_responsiveness_abs_error,nan,nan,57
reference_model_mds_y,peak_latency_abs_error_ms,nan,nan,57
reference_model_mds_y,peak_rate_abs_error_hz,nan,nan,57
reference_model_mds_y,psth_10ms_pearson_r,nan,nan,57
reference_model_mds_y,psth_10ms_sse,nan,nan,57
reference_model_mds_y,psth_20ms_cosine_similarity,nan,nan,57
reference_model_mds_y,psth_20ms_pearson_r,nan,nan,57
reference_model_mds_y,psth_20ms_sse,nan,nan,57
reference_model_mds_y,psth_50ms_pearson_r,nan,nan,57
reference_model_mds_y,psth_50ms_sse,nan,nan,57
reference_model_mds_y,psth_5ms_pearson_r,nan,nan,57
reference_model_mds_y,psth_5ms_sse,nan,nan,57
reference_model_mds_y,raw_raster_mae,nan,nan,57
reference_model_mds_y,raw_raster_mse,nan,nan,57
reference_model_mds_y,raw_raster_rmse,nan,nan,57
reference_model_mds_y,rcorr,nan,nan,57
reference_model_mds_y,split_half_data_20ms,nan,nan,57
reference_model_mds_y,split_half_model_20ms,nan,nan,57
split_half_data_20ms,Off_ROn_gSYN,nan,nan,45
split_half_data_20ms,Off_SOnOff_gSYN,nan,nan,45
split_half_data_20ms,On_ROn_gSYN,nan,nan,45
split_half_data_20ms,On_SOnOff_gSYN,nan,nan,45
split_half_data_20ms,ROn_g_inc,nan,nan,45
split_half_data_20ms,ROn_tau_ad,nan,nan,45
split_half_data_20ms,SOnOff_ROn_gSYN,nan,nan,45
split_half_data_20ms,config_paramH_alpha,nan,nan,45
split_half_data_20ms,config_strfGain,nan,nan,45
split_half_data_20ms,firing_rate_abs_error_hz,nan,nan,57
split_half_data_20ms,lifetime_sparseness_abs_error_20ms,nan,nan,57
split_half_data_20ms,lifetime_sparseness_data_20ms,nan,nan,57
split_half_data_20ms,lifetime_sparseness_model_20ms,nan,nan,57
split_half_data_20ms,noise_corrected_r_10ms,nan,nan,57
split_half_data_20ms,offset_responsiveness_abs_error,nan,nan,57
split_half_data_20ms,offset_responsiveness_abs_error_Just_first_bump,nan,nan,13
split_half_data_20ms,onset_responsiveness_abs_error,nan,nan,57
split_half_data_20ms,peak_latency_abs_error_ms,nan,nan,57
split_half_data_20ms,peak_rate_abs_error_hz,nan,nan,57
split_half_data_20ms,split_half_model_20ms,nan,nan,57
split_half_model_20ms,ROn_tau_ad,nan,nan,45
split_half_model_20ms,lifetime_sparseness_data_20ms,nan,nan,57
unit_index,Off_ROn_gSYN,nan,nan,45
unit_index,Off_SOnOff_gSYN,nan,nan,45
unit_index,On_ROn_gSYN,nan,nan,45
unit_index,On_SOnOff_gSYN,nan,nan,45
unit_index,ROn_g_inc,nan,nan,45
unit_index,ROn_tau_ad,nan,nan,45
unit_index,SOnOff_ROn_gSYN,nan,nan,45
unit_index,config_paramH_alpha,nan,nan,45
unit_index,config_strfGain,nan,nan,45
unit_index,firing_rate_abs_error_hz,nan,nan,57
unit_index,lifetime_sparseness_abs_error_20ms,nan,nan,57
unit_index,lifetime_sparseness_data_20ms,nan,nan,57
unit_index,lifetime_sparseness_model_20ms,nan,nan,57
unit_index,manual_best_batch_idx,nan,nan,57
unit_index,manual_fit_mds_x,nan,nan,57
unit_index,manual_fit_mds_y,nan,nan,57
unit_index,mds_distance_improvement,nan,nan,57
unit_index,mds_manual_fit_distance_to_data,nan,nan,57
unit_index,mds_original_model_distance_to_data,nan,nan,57
unit_index,noise_corrected_r_10ms,nan,nan,57
unit_index,offset_responsiveness_abs_error,nan,nan,57
unit_index,offset_responsiveness_abs_error_Just_first_bump,nan,nan,13
unit_index,onset_responsiveness_abs_error,nan,nan,57
unit_index,peak_latency_abs_error_ms,nan,nan,57
unit_index,peak_rate_abs_error_hz,nan,nan,57
unit_index,psth_10ms_pearson_r,nan,nan,57
unit_index,psth_10ms_sse,nan,nan,57
unit_index,psth_20ms_cosine_similarity,nan,nan,57
unit_index,psth_20ms_pearson_r,nan,nan,57
unit_index,psth_20ms_sse,nan,nan,57
unit_index,psth_50ms_pearson_r,nan,nan,57
unit_index,psth_50ms_sse,nan,nan,57
unit_index,psth_5ms_pearson_r,nan,nan,57
unit_index,psth_5ms_sse,nan,nan,57
unit_index,raw_raster_mae,nan,nan,57
unit_index,raw_raster_mse,nan,nan,57
unit_index,raw_raster_rmse,nan,nan,57
unit_index,rcorr,nan,nan,57
unit_index,reference_best_batch_idx,nan,nan,57
unit_index,reference_data_mds_x,nan,nan,57
unit_index,reference_data_mds_y,nan,nan,57
unit_index,reference_model_mds_x,nan,nan,57
unit_index,reference_model_mds_y,nan,nan,57
unit_index,split_half_data_20ms,nan,nan,57
unit_index,split_half_model_20ms,nan,nan,57
