metric,unit_index,manual_best_batch_idx,reference_best_batch_idx,mds_manual_fit_distance_to_data,mds_original_model_distance_to_data,mds_distance_improvement,reference_data_mds_x,reference_data_mds_y,reference_model_mds_x,reference_model_mds_y,manual_fit_mds_x,manual_fit_mds_y,raw_raster_mse,raw_raster_rmse,raw_raster_mae,psth_5ms_sse,psth_10ms_sse,psth_20ms_sse,psth_50ms_sse,psth_5ms_pearson_r,psth_10ms_pearson_r,psth_20ms_pearson_r,psth_50ms_pearson_r,rcorr,psth_20ms_cosine_similarity,split_half_data_20ms,split_half_model_20ms,noise_corrected_r_10ms,lifetime_sparseness_data_20ms,lifetime_sparseness_model_20ms,lifetime_sparseness_abs_error_20ms,firing_rate_abs_error_hz,peak_rate_abs_error_hz,peak_latency_abs_error_ms,onset_responsiveness_abs_error,offset_responsiveness_abs_error,config_strfGain,config_paramH_alpha,On_ROn_gSYN,Off_ROn_gSYN,On_SOnOff_gSYN,Off_SOnOff_gSYN,SOnOff_ROn_gSYN,ROn_tau_ad,ROn_g_inc,offset_responsiveness_abs_error_Just_first_bump
unit_index,nan,nan,nan,nan,nan,nan,nan,nan,nan,nan,nan,nan,nan,nan,nan,nan,nan,nan,nan,nan,nan,nan,nan,nan,nan,nan,nan,nan,nan,nan,nan,nan,nan,nan,nan,nan,nan,nan,nan,nan,nan,nan,nan,nan,nan,nan
manual_best_batch_idx,nan,nan,nan,nan,nan,nan,nan,nan,nan,nan,nan,nan,nan,nan,nan,nan,nan,nan,nan,nan,nan,nan,nan,nan,nan,nan,nan,nan,nan,nan,nan,nan,nan,nan,nan,nan,nan,nan,nan,nan,nan,nan,nan,nan,nan,nan
reference_best_batch_idx,nan,nan,nan,nan,nan,nan,nan,nan,nan,nan,nan,nan,nan,nan,nan,nan,nan,nan,nan,nan,nan,nan,nan,nan,nan,nan,nan,nan,nan,nan,nan,nan,nan,nan,nan,nan,nan,nan,nan,nan,nan,nan,nan,nan,nan,nan
mds_manual_fit_distance_to_data,nan,nan,nan,1,nan,-1,nan,nan,nan,nan,-0.102753720086,-0.951777817285,-0.247948832782,-0.247722756193,-0.247948832782,0.17975949314,0.182163362146,0.191018652399,0.121903561271,-0.504371336947,-0.487431153866,-0.428799704394,-0.347179499146,-0.487431153866,-0.462201591716,nan,-0.261042987545,-0.487456653749,nan,-0.182823432542,0.182823432542,-0.240573687006,-0.084880933974,0.208123910323,0.303440297006,0.565048551086,-0.00861216434872,0.344306953409,-0.261831288998,-0.0184642663313,-0.267450381142,0.278621903253,0.34726210825,nan,-0.00713971730492,-0.340436198133
mds_original_model_distance_to_data,nan,nan,nan,nan,nan,nan,nan,nan,nan,nan,nan,nan,nan,nan,nan,nan,nan,nan,nan,nan,nan,nan,nan,nan,nan,nan,nan,nan,nan,nan,nan,nan,nan,nan,nan,nan,nan,nan,nan,nan,nan,nan,nan,nan,nan,nan
mds_distance_improvement,nan,nan,nan,-1,nan,1,nan,nan,nan,nan,0.102753720086,0.951777817285,0.247948832782,0.247722756194,0.247948832782,-0.17975949314,-0.182163362146,-0.191018652399,-0.121903561272,0.504371336948,0.487431153866,0.428799704394,0.347179499147,0.487431153866,0.462201591716,nan,0.261042987546,0.487456653749,nan,0.182823432542,-0.182823432542,0.240573687006,0.0848809339736,-0.208123910323,-0.303440297006,-0.565048551086,0.00861216434858,-0.344306953409,0.261831288998,0.0184642663314,0.267450381142,-0.278621903254,-0.34726210825,nan,0.00713971730465,0.340436198134
reference_data_mds_x,nan,nan,nan,nan,nan,nan,nan,nan,nan,nan,nan,nan,nan,nan,nan,nan,nan,nan,nan,nan,nan,nan,nan,nan,nan,nan,nan,nan,nan,nan,nan,nan,nan,nan,nan,nan,nan,nan,nan,nan,nan,nan,nan,nan,nan,nan
reference_data_mds_y,nan,nan,nan,nan,nan,nan,nan,nan,nan,nan,nan,nan,nan,nan,nan,nan,nan,nan,nan,nan,nan,nan,nan,nan,nan,nan,nan,nan,nan,nan,nan,nan,nan,nan,nan,nan,nan,nan,nan,nan,nan,nan,nan,nan,nan,nan
reference_model_mds_x,nan,nan,nan,nan,nan,nan,nan,nan,nan,nan,nan,nan,nan,nan,nan,nan,nan,nan,nan,nan,nan,nan,nan,nan,nan,nan,nan,nan,nan,nan,nan,nan,nan,nan,nan,nan,nan,nan,nan,nan,nan,nan,nan,nan,nan,nan
reference_model_mds_y,nan,nan,nan,nan,nan,nan,nan,nan,nan,nan,nan,nan,nan,nan,nan,nan,nan,nan,nan,nan,nan,nan,nan,nan,nan,nan,nan,nan,nan,nan,nan,nan,nan,nan,nan,nan,nan,nan,nan,nan,nan,nan,nan,nan,nan,nan
manual_fit_mds_x,nan,nan,nan,-0.102753720086,nan,0.102753720086,nan,nan,nan,nan,1,0.203872605555,0.929530159777,0.922287525871,0.929530159777,0.64984194768,0.658710468983,0.66840500353,0.629939368954,0.0655720021154,-0.000779514195333,-0.0420762466714,0.0621111454471,-0.000779514195333,-0.036190837909,nan,0.259249014923,-0.000725657596985,nan,-0.0544244349627,0.0544244349629,0.866188654098,0.404116750321,-0.0868101990935,0.102607135366,-0.182094638237,0.220673130506,0.346875521189,0.110905064196,0.0528354363229,0.101338239101,0.180208488601,-0.0715033271542,nan,-0.435864878342,0.45193458471
manual_fit_mds_y,nan,nan,nan,-0.951777817285,nan,0.951777817285,nan,nan,nan,nan,0.203872605555,1,0.353732390655,0.343498832222,0.353732390655,0.0564669533029,0.0627029279748,0.0562510301437,0.120983839415,0.506295690575,0.48381523904,0.421252227337,0.339906405499,0.48381523904,0.443644222039,nan,0.348410455313,0.484243618906,nan,0.289256465712,-0.289256465713,0.380419500026,0.211665269911,-0.247929639398,-0.411473603209,-0.514142679449,0.13672934211,-0.211991427913,0.188442023722,-0.0939548028393,0.162786390994,-0.109479832436,-0.211111379439,nan,0.00267425824926,-0.552362358554
raw_raster_mse,nan,nan,nan,-0.247948832782,nan,0.247948832782,nan,nan,nan,nan,0.929530159777,0.353732390655,1,0.998618539539,1,0.574656267018,0.578547108948,0.554079145278,0.495504807629,0.361955768652,0.290361945118,0.245682092555,0.332177264199,0.290361945118,0.251673047661,nan,0.545923143246,0.290275952776,nan,0.25298303014,-0.25298303014,0.911010337817,0.257896084758,-0.324481880569,-0.130388416297,-0.362108595533,0.236630349125,0.305959549154,0.0984356726808,-0.0190535022127,0.106318364784,0.175585252759,-0.096605128066,nan,-0.533433068512,0.30662537554
raw_raster_rmse,nan,nan,nan,-0.247722756193,nan,0.247722756194,nan,nan,nan,nan,0.922287525871,0.343498832222,0.998618539539,1,0.998618539539,0.549835863202,0.553124907151,0.526135527579,0.462934000357,0.366946499378,0.293588217404,0.249224339194,0.336336989643,0.293588217404,0.256951891833,nan,0.549040025711,0.293427734155,nan,0.251847418098,-0.251847418097,0.891926139935,0.234361894162,-0.326927603271,-0.125935363348,-0.361270667276,0.225944490034,0.301453301905,0.0931394583991,-0.0143591429382,0.114399887584,0.171194143818,-0.109173651005,nan,-0.575832240262,0.302535601605
raw_raster_mae,nan,nan,nan,-0.247948832782,nan,0.247948832782,nan,nan,nan,nan,0.929530159777,0.353732390655,1,0.998618539539,1,0.574656267018,0.578547108948,0.554079145278,0.495504807629,0.361955768652,0.290361945118,0.245682092555,0.332177264199,0.290361945118,0.251673047661,nan,0.545923143246,0.290275952776,nan,0.25298303014,-0.25298303014,0.911010337817,0.257896084758,-0.324481880569,-0.130388416297,-0.362108595533,0.236630349125,0.305959549154,0.0984356726808,-0.0190535022127,0.106318364784,0.175585252759,-0.096605128066,nan,-0.533433068512,0.30662537554
psth_5ms_sse,nan,nan,nan,0.17975949314,nan,-0.17975949314,nan,nan,nan,nan,0.64984194768,0.0564669533029,0.574656267018,0.549835863202,0.574656267018,1,0.989958755324,0.947805440288,0.90804650304,-0.268311158148,-0.301084390103,-0.320936215867,-0.247291225437,-0.301084390103,-0.3473213174,nan,0.0817409036356,-0.300978748389,nan,-0.0195388089341,0.0195388089336,0.630499671602,0.472588375223,0.0401574213046,-0.0236631590529,0.200528336788,0.315733258376,0.328508314714,-0.120237665831,-0.22091122993,-0.149456385704,0.347624300639,0.197483686485,nan,-0.160874869185,-0.320827306506
psth_10ms_sse,nan,nan,nan,0.182163362146,nan,-0.182163362146,nan,nan,nan,nan,0.658710468983,0.0627029279748,0.578547108948,0.553124907151,0.578547108948,0.989958755324,1,0.975386010306,0.935759527499,-0.275454942091,-0.318927212908,-0.338958313621,-0.261185942683,-0.318927212908,-0.367220748728,nan,0.08369579936,-0.318598397706,nan,-0.0181491490427,0.0181491490422,0.639164880962,0.517179049673,0.040884520479,-0.0451153061725,0.233488165792,0.361094603652,0.399682289368,-0.157845128536,-0.244318901609,-0.173065748298,0.413957024884,0.228620590767,nan,-0.151229848011,-0.0997750339552
psth_20ms_sse,nan,nan,nan,0.191018652399,nan,-0.191018652399,nan,nan,nan,nan,0.66840500353,0.0562510301437,0.554079145278,0.526135527579,0.554079145278,0.947805440288,0.975386010306,1,0.968760954424,-0.321024550718,-0.365559159923,-0.397229912487,-0.31522635037,-0.365559159923,-0.425617163922,nan,0.0245517595379,-0.364756838549,nan,-0.0773229131352,0.0773229131346,0.626664833821,0.572607122251,0.0843538279774,-0.0234921630465,0.272111707085,0.41433883646,0.464768924929,-0.182160583034,-0.246812576167,-0.188739379233,0.489104084201,0.244325279185,nan,-0.123059198043,0.19438972515
psth_50ms_sse,nan,nan,nan,0.121903561271,nan,-0.121903561272,nan,nan,nan,nan,0.629939368954,0.120983839415,0.495504807629,0.462934000357,0.495504807629,0.90804650304,0.935759527499,0.968760954424,1,-0.318395184996,-0.355966333037,-0.398874049048,-0.375487193,-0.355966333037,-0.42547385418,nan,-0.0432566572565,-0.355069684175,nan,-0.135477019472,0.135477019472,0.59522621738,0.573718423076,0.121663349073,-0.0676823901357,0.287017065782,0.43000286254,0.360410404619,-0.139809573519,-0.218677291197,-0.199480777759,0.416029654946,0.246922568502,nan,-0.0567281689881,0.705292098751
psth_5ms_pearson_r,nan,nan,nan,-0.504371336947,nan,0.504371336948,nan,nan,nan,nan,0.0655720021154,0.506295690575,0.361955768652,0.366946499378,0.361955768652,-0.268311158148,-0.275454942091,-0.321024550718,-0.318395184996,1,0.98960790669,0.96337105494,0.893445076461,0.98960790669,0.967969069597,nan,0.819369552724,0.989805498159,nan,0.796414087015,-0.796414087015,0.33704333036,-0.314584995465,-0.622874727473,-0.555232701176,-0.744310418303,-0.0406080841981,-0.325601733472,0.318107107484,0.204366850502,0.33376768297,-0.357869089287,-0.368046892383,nan,-0.232819423369,0.0596955465211
psth_10ms_pearson_r,nan,nan,nan,-0.487431153866,nan,0.487431153866,nan,nan,nan,nan,-0.000779514195333,0.48381523904,0.290361945118,0.293588217404,0.290361945118,-0.301084390103,-0.318927212908,-0.365559159923,-0.355966333037,0.98960790669,1,0.983733703928,0.906905803478,1,0.984794688822,nan,0.779677572223,0.999989304202,nan,0.786870470453,-0.786870470453,0.285543780715,-0.330860011528,-0.583559015924,-0.527598775703,-0.743887437695,-0.21811150852,-0.411046730873,0.42849345148,0.230262323807,0.327274493164,-0.488638456993,-0.375320458587,nan,-0.157719240574,-0.150342181939
psth_20ms_pearson_r,nan,nan,nan,-0.428799704394,nan,0.428799704394,nan,nan,nan,nan,-0.0420762466714,0.421252227337,0.245682092555,0.249224339194,0.245682092555,-0.320936215867,-0.338958313621,-0.397229912487,-0.398874049048,0.96337105494,0.983733703928,1,0.940441953578,0.983733703928,0.995198912278,nan,0.768678659943,0.983359372048,nan,0.792327060848,-0.792327060848,0.256345412284,-0.320126095085,-0.553162502793,-0.463638450947,-0.713047332217,-0.449323094118,-0.265729481957,0.490576107173,0.212758411927,0.299254765306,-0.536033996656,-0.29353805948,nan,-0.105230301854,-0.243162313151
psth_50ms_pearson_r,nan,nan,nan,-0.347179499146,nan,0.347179499147,nan,nan,nan,nan,0.0621111454471,0.339906405499,0.332177264199,0.336336989643,0.332177264199,-0.247291225437,-0.261185942683,-0.31522635037,-0.375487193,0.893445076461,0.906905803478,0.940441953578,1,0.906905803478,0.927742904771,nan,0.756254647388,0.906522691045,nan,0.740487965785,-0.740487965785,0.354048964759,-0.259625290365,-0.532641285211,-0.329285125514,-0.708154420022,-0.411534637623,0.0396106264298,0.434929151806,0.176802241926,0.328729043089,-0.356930933773,-0.304521514204,nan,-0.21317247615,-0.593711314429
rcorr,nan,nan,nan,-0.487431153866,nan,0.487431153866,nan,nan,nan,nan,-0.000779514195333,0.48381523904,0.290361945118,0.293588217404,0.290361945118,-0.301084390103,-0.318927212908,-0.365559159923,-0.355966333037,0.98960790669,1,0.983733703928,0.906905803478,1,0.984794688822,nan,0.779677572223,0.999989304202,nan,0.786870470453,-0.786870470453,0.285543780715,-0.330860011528,-0.583559015924,-0.527598775703,-0.743887437695,-0.21811150852,-0.411046730873,0.42849345148,0.230262323807,0.327274493164,-0.488638456993,-0.375320458587,nan,-0.157719240574,-0.150342181939
psth_20ms_cosine_similarity,nan,nan,nan,-0.462201591716,nan,0.462201591716,nan,nan,nan,nan,-0.036190837909,0.443644222039,0.251673047661,0.256951891833,0.251673047661,-0.3473213174,-0.367220748728,-0.425617163922,-0.42547385418,0.967969069597,0.984794688822,0.995198912278,0.927742904771,0.984794688822,1,nan,0.766090364515,0.984460329868,nan,0.784133934273,-0.784133934273,0.248085042846,-0.325522426645,-0.581400020629,-0.466457828644,-0.742047176022,-0.447739382568,-0.287190570437,0.491563661715,0.192840349761,0.293834336384,-0.545592208056,-0.293323869101,nan,-0.11823519485,-0.340590553747
split_half_data_20ms,nan,nan,nan,nan,nan,nan,nan,nan,nan,nan,nan,nan,nan,nan,nan,nan,nan,nan,nan,nan,nan,nan,nan,nan,nan,nan,nan,nan,nan,nan,nan,nan,nan,nan,nan,nan,nan,nan,nan,nan,nan,nan,nan,nan,nan,nan
split_half_model_20ms,nan,nan,nan,-0.261042987545,nan,0.261042987546,nan,nan,nan,nan,0.259249014923,0.348410455313,0.545923143246,0.549040025711,0.545923143246,0.0817409036356,0.08369579936,0.0245517595379,-0.0432566572565,0.819369552724,0.779677572223,0.768678659943,0.756254647388,0.779677572223,0.766090364515,nan,1,0.780201110621,nan,0.909393793222,-0.909393793221,0.514920787871,-0.241667792558,-0.706453704903,-0.542238480761,-0.557926332012,0.453972238187,0.677976283225,-0.320584702636,-0.322483625228,-0.0958694438386,0.613357192529,0.0732309254752,nan,-0.230713778882,-0.161055197368
noise_corrected_r_10ms,nan,nan,nan,-0.487456653749,nan,0.487456653749,nan,nan,nan,nan,-0.000725657596985,0.484243618906,0.290275952776,0.293427734155,0.290275952776,-0.300978748389,-0.318598397706,-0.364756838549,-0.355069684175,0.989805498159,0.999989304202,0.983359372048,0.906522691045,0.999989304202,0.984460329868,nan,0.780201110621,1,nan,0.787468491739,-0.787468491739,0.285824727568,-0.330862050057,-0.584189800499,-0.529091511118,-0.744055586654,-0.214357900382,-0.41092391758,0.428065239652,0.229681332947,0.325181947436,-0.486309373028,-0.373338775866,nan,-0.152619779924,-0.142776856997
lifetime_sparseness_data_20ms,nan,nan,nan,nan,nan,nan,nan,nan,nan,nan,nan,nan,nan,nan,nan,nan,nan,nan,nan,nan,nan,nan,nan,nan,nan,nan,nan,nan,nan,nan,nan,nan,nan,nan,nan,nan,nan,nan,nan,nan,nan,nan,nan,nan,nan,nan
lifetime_sparseness_model_20ms,nan,nan,nan,-0.182823432542,nan,0.182823432542,nan,nan,nan,nan,-0.0544244349627,0.289256465712,0.25298303014,0.251847418098,0.25298303014,-0.0195388089341,-0.0181491490427,-0.0773229131352,-0.135477019472,0.796414087015,0.786870470453,0.792327060848,0.740487965785,0.786870470453,0.784133934273,nan,0.909393793222,0.787468491739,nan,1,-1,0.279300534226,-0.274427836037,-0.689760432178,-0.665169747595,-0.490712209858,0.182227934369,0.537722384769,-0.399805645105,-0.515096400232,-0.337147487617,0.561712853682,0.423306219831,nan,0.175752364284,-0.520438330347
lifetime_sparseness_abs_error_20ms,nan,nan,nan,0.182823432542,nan,-0.182823432542,nan,nan,nan,nan,0.0544244349629,-0.289256465713,-0.25298303014,-0.251847418097,-0.25298303014,0.0195388089336,0.0181491490422,0.0773229131346,0.135477019472,-0.796414087015,-0.786870470453,-0.792327060848,-0.740487965785,-0.786870470453,-0.784133934273,nan,-0.909393793221,-0.787468491739,nan,-1,1,-0.279300534226,0.274427836036,0.689760432178,0.665169747595,0.490712209858,-0.182227934371,-0.537722384769,0.399805645105,0.515096400233,0.337147487618,-0.561712853682,-0.423306219829,nan,-0.175752364284,0.520438330346
firing_rate_abs_error_hz,nan,nan,nan,-0.240573687006,nan,0.240573687006,nan,nan,nan,nan,0.866188654098,0.380419500026,0.911010337817,0.891926139935,0.911010337817,0.630499671602,0.639164880962,0.626664833821,0.59522621738,0.33704333036,0.285543780715,0.256345412284,0.354048964759,0.285543780715,0.248085042846,nan,0.514920787871,0.285824727568,nan,0.279300534226,-0.279300534226,1,0.371354526076,-0.298508190371,-0.15572626309,-0.397468137682,0.240780629924,0.323876682689,0.164012983571,-0.062818384764,0.0894995209071,0.154987910968,-0.068593280939,nan,-0.119612951364,0.315908841068
peak_rate_abs_error_hz,nan,nan,nan,-0.084880933974,nan,0.0848809339736,nan,nan,nan,nan,0.404116750321,0.211665269911,0.257896084758,0.234361894162,0.257896084758,0.472588375223,0.517179049673,0.572607122251,0.573718423076,-0.314584995465,-0.330860011528,-0.320126095085,-0.259625290365,-0.330860011528,-0.325522426645,nan,-0.241667792558,-0.330862050057,nan,-0.274427836037,0.274427836036,0.371354526076,1,0.280012433495,0.178212872873,0.0627430733832,0.146172443366,0.452316309621,0.151458186972,-0.303777373676,0.00326249107186,0.215101511052,0.116974200258,nan,0.0602341144746,-0.398762651862
peak_latency_abs_error_ms,nan,nan,nan,0.208123910323,nan,-0.208123910323,nan,nan,nan,nan,-0.0868101990935,-0.247929639398,-0.324481880569,-0.326927603271,-0.324481880569,0.0401574213046,0.040884520479,0.0843538279774,0.121663349073,-0.622874727473,-0.583559015924,-0.553162502793,-0.532641285211,-0.583559015924,-0.581400020629,nan,-0.706453704903,-0.584189800499,nan,-0.689760432178,0.689760432178,-0.298508190371,0.280012433495,1,0.505028919294,0.522558573539,nan,nan,nan,nan,nan,nan,nan,nan,nan,nan
onset_responsiveness_abs_error,nan,nan,nan,0.303440297006,nan,-0.303440297006,nan,nan,nan,nan,0.102607135366,-0.411473603209,-0.130388416297,-0.125935363348,-0.130388416297,-0.0236631590529,-0.0451153061725,-0.0234921630465,-0.0676823901357,-0.555232701176,-0.527598775703,-0.463638450947,-0.329285125514,-0.527598775703,-0.466457828644,nan,-0.542238480761,-0.529091511118,nan,-0.665169747595,0.665169747595,-0.15572626309,0.178212872873,0.505028919294,1,0.251138956716,-0.491830674462,0.0401679278779,0.387747179004,0.37064764718,0.239025467856,-0.349977029725,-0.114345736064,nan,-0.158313635793,0.567595969026
offset_responsiveness_abs_error,nan,nan,nan,0.565048551086,nan,-0.565048551086,nan,nan,nan,nan,-0.182094638237,-0.514142679449,-0.362108595533,-0.361270667276,-0.362108595533,0.200528336788,0.233488165792,0.272111707085,0.287017065782,-0.744310418303,-0.743887437695,-0.713047332217,-0.708154420022,-0.743887437695,-0.742047176022,nan,-0.557926332012,-0.744055586654,nan,-0.490712209858,0.490712209858,-0.397468137682,0.0627430733832,0.522558573539,0.251138956716,1,0.111740695684,0.10795441424,-0.375546707795,-0.18423239171,-0.460535100395,0.376455369068,0.476998261072,nan,-0.11296623752,nan
config_strfGain,nan,nan,nan,-0.00861216434872,nan,0.00861216434858,nan,nan,nan,nan,0.220673130506,0.13672934211,0.236630349125,0.225944490034,0.236630349125,0.315733258376,0.361094603652,0.41433883646,0.43000286254,-0.0406080841981,-0.21811150852,-0.449323094118,-0.411534637623,-0.21811150852,-0.447739382568,nan,0.453972238187,-0.214357900382,nan,0.182227934369,-0.182227934371,0.240780629924,0.146172443366,nan,-0.491830674462,0.111740695684,1,0.182928960945,-0.724127068257,0.0156830030332,0.153476431676,0.629165389807,-0.198569048431,nan,-0.120735970627,-0.249868572973
config_paramH_alpha,nan,nan,nan,0.344306953409,nan,-0.344306953409,nan,nan,nan,nan,0.346875521189,-0.211991427913,0.305959549154,0.301453301905,0.305959549154,0.328508314714,0.399682289368,0.464768924929,0.360410404619,-0.325601733472,-0.411046730873,-0.265729481957,0.0396106264298,-0.411046730873,-0.287190570437,nan,0.677976283225,-0.41092391758,nan,0.537722384769,-0.537722384769,0.323876682689,0.452316309621,nan,0.0401679278779,0.10795441424,0.182928960945,1,-0.290325918347,-0.220095125068,-0.143871999244,0.63809661922,0.230947897372,nan,-0.0689607947193,0.0843094190493
On_ROn_gSYN,nan,nan,nan,-0.261831288998,nan,0.261831288998,nan,nan,nan,nan,0.110905064196,0.188442023722,0.0984356726808,0.0931394583991,0.0984356726808,-0.120237665831,-0.157845128536,-0.182160583034,-0.139809573519,0.318107107484,0.42849345148,0.490576107173,0.434929151806,0.42849345148,0.491563661715,nan,-0.320584702636,0.428065239652,nan,-0.399805645105,0.399805645105,0.164012983571,0.151458186972,nan,0.387747179004,-0.375546707795,-0.724127068257,-0.290325918347,1,-0.249031651234,-0.280377414228,-0.638512396419,0.25268759451,nan,0.165493292499,0.233115216081
Off_ROn_gSYN,nan,nan,nan,-0.0184642663313,nan,0.0184642663314,nan,nan,nan,nan,0.0528354363229,-0.0939548028393,-0.0190535022127,-0.0143591429382,-0.0190535022127,-0.22091122993,-0.244318901609,-0.246812576167,-0.218677291197,0.204366850502,0.230262323807,0.212758411927,0.176802241926,0.230262323807,0.192840349761,nan,-0.322483625228,0.229681332947,nan,-0.515096400232,0.515096400233,-0.062818384764,-0.303777373676,nan,0.37064764718,-0.18423239171,0.0156830030332,-0.220095125068,-0.249031651234,1,0.739938412691,-0.328859466197,-0.565996256737,nan,-0.067855594965,0.44933293595
On_SOnOff_gSYN,nan,nan,nan,-0.267450381142,nan,0.267450381142,nan,nan,nan,nan,0.101338239101,0.162786390994,0.106318364784,0.114399887584,0.106318364784,-0.149456385704,-0.173065748298,-0.188739379233,-0.199480777759,0.33376768297,0.327274493164,0.299254765306,0.328729043089,0.327274493164,0.293834336384,nan,-0.0958694438386,0.325181947436,nan,-0.337147487617,0.337147487618,0.0894995209071,0.00326249107186,nan,0.239025467856,-0.460535100395,0.153476431676,-0.143871999244,-0.280377414228,0.739938412691,1,-0.283972460554,-0.820824946158,nan,-0.02915598923,-0.32752101978
Off_SOnOff_gSYN,nan,nan,nan,0.278621903253,nan,-0.278621903254,nan,nan,nan,nan,0.180208488601,-0.109479832436,0.175585252759,0.171194143818,0.175585252759,0.347624300639,0.413957024884,0.489104084201,0.416029654946,-0.357869089287,-0.488638456993,-0.536033996656,-0.356930933773,-0.488638456993,-0.545592208056,nan,0.613357192529,-0.486309373028,nan,0.561712853682,-0.561712853682,0.154987910968,0.215101511052,nan,-0.349977029725,0.376455369068,0.629165389807,0.63809661922,-0.638512396419,-0.328859466197,-0.283972460554,1,0.237304273592,nan,-0.159029385107,nan
SOnOff_ROn_gSYN,nan,nan,nan,0.34726210825,nan,-0.34726210825,nan,nan,nan,nan,-0.0715033271542,-0.211111379439,-0.096605128066,-0.109173651005,-0.096605128066,0.197483686485,0.228620590767,0.244325279185,0.246922568502,-0.368046892383,-0.375320458587,-0.29353805948,-0.304521514204,-0.375320458587,-0.293323869101,nan,0.0732309254752,-0.373338775866,nan,0.423306219831,-0.423306219829,-0.068593280939,0.116974200258,nan,-0.114345736064,0.476998261072,-0.198569048431,0.230947897372,0.25268759451,-0.565996256737,-0.820824946158,0.237304273592,1,nan,0.0459650289911,0.430129101892
ROn_tau_ad,nan,nan,nan,nan,nan,nan,nan,nan,nan,nan,nan,nan,nan,nan,nan,nan,nan,nan,nan,nan,nan,nan,nan,nan,nan,nan,nan,nan,nan,nan,nan,nan,nan,nan,nan,nan,nan,nan,nan,nan,nan,nan,nan,nan,nan,nan
ROn_g_inc,nan,nan,nan,-0.00713971730492,nan,0.00713971730465,nan,nan,nan,nan,-0.435864878342,0.00267425824926,-0.533433068512,-0.575832240262,-0.533433068512,-0.160874869185,-0.151229848011,-0.123059198043,-0.0567281689881,-0.232819423369,-0.157719240574,-0.105230301854,-0.21317247615,-0.157719240574,-0.11823519485,nan,-0.230713778882,-0.152619779924,nan,0.175752364284,-0.175752364284,-0.119612951364,0.0602341144746,nan,-0.158313635793,-0.11296623752,-0.120735970627,-0.0689607947193,0.165493292499,-0.067855594965,-0.02915598923,-0.159029385107,0.0459650289911,nan,1,-0.202528589184
offset_responsiveness_abs_error_Just_first_bump,nan,nan,nan,-0.340436198133,nan,0.340436198134,nan,nan,nan,nan,0.45193458471,-0.552362358554,0.30662537554,0.302535601605,0.30662537554,-0.320827306506,-0.0997750339552,0.19438972515,0.705292098751,0.0596955465211,-0.150342181939,-0.243162313151,-0.593711314429,-0.150342181939,-0.340590553747,nan,-0.161055197368,-0.142776856997,nan,-0.520438330347,0.520438330346,0.315908841068,-0.398762651862,nan,0.567595969026,nan,-0.249868572973,0.0843094190493,0.233115216081,0.44933293595,-0.32752101978,nan,0.430129101892,nan,-0.202528589184,1
