run_timestamp,unit_index,condition_label,manual_best_batch_idx,reference_best_batch_idx,mds_manual_fit_distance_to_data,mds_original_model_distance_to_data,mds_distance_improvement,reference_data_mds_x,reference_data_mds_y,reference_model_mds_x,reference_model_mds_y,manual_fit_mds_x,manual_fit_mds_y,raw_raster_mse,raw_raster_rmse,raw_raster_mae,psth_5ms_sse,psth_10ms_sse,psth_20ms_sse,psth_50ms_sse,psth_5ms_pearson_r,psth_10ms_pearson_r,psth_20ms_pearson_r,psth_50ms_pearson_r,rcorr,psth_20ms_cosine_similarity,split_half_data_20ms,split_half_model_20ms,noise_corrected_r_10ms,lifetime_sparseness_data_20ms,lifetime_sparseness_model_20ms,lifetime_sparseness_abs_error_20ms,firing_rate_abs_error_hz,peak_rate_abs_error_hz,peak_latency_abs_error_ms,onset_responsiveness_abs_error,offset_responsiveness_abs_error,unit_folder,config_path,config_strfGain,config_paramH_alpha,generated_solver_path,On_ROn_gSYN,Off_ROn_gSYN,On_SOnOff_gSYN,Off_SOnOff_gSYN,SOnOff_ROn_gSYN,ROn_tau_ad,ROn_g_inc,offset_responsiveness_abs_error_Just_first_bump
2026-04-08T12:32:29,2,contra,0,8,11.9805328958,29.2090700882,17.2285371924,28.8994930278,9.92325078738,11.6391423165,-13.6404940071,28.0820729939,-2.02936369462,0.00431529153138,0.0656908786011,0.00431529153138,1276,1376,1342,2322,0.0212201677458,0.0164701662502,0.145533802854,0.0186331745454,0.0164701662502,0.812971519214,0.193485326892,0.136175012749,0.0465579239578,0.230683995482,0.2097939481,0.0208900473817,1.07378959656,0,20,0.108273698734,0.00839109437133,,,,,,,,,,,,,
2026-04-08T12:40:41,133,contra,0,1,77.0920663829,41.4772730388,-35.6147933441,28.2922293752,74.615157806,11.8603350349,36.5316045693,33.4978159743,-2.30095602818,0.00370457372628,0.0608652094902,0.00370457372628,2709,3851,5519,7586,0.00665733110463,0.0268929249262,0.116633480883,0.303391799091,0.0268929249262,0.453476653593,0.910074400643,0.225153500881,0.0284945753384,0.791464693226,0.243683117618,0.547781575607,7.78497314453,50,0,0.175302582459,0.24882288931,C:\Users\ipboy\Documents\GitHub\MouseSpatialGrid\LearningModels\Manual_Tuning\post_fit_reports\unit_133,,,,,,,,,,,,
2026-04-08T12:42:42,133,contra,0,1,75.6117393732,41.4772730388,-34.1344663344,28.2922293752,74.615157806,11.8603350349,36.5316045693,12.3351685998,0.706380638046,0.00296969898045,0.0544949445403,0.00296969898045,2358,3296,5012,7761,0.0231647210453,0.0634694271846,0.0505110114851,-0.0192077131879,0.0634694271846,0.420847417322,0.910074400643,0.123911185375,0.0667522437182,0.791464693226,0.260822703555,0.53064198967,0.369113922119,70,20,0.142999996439,0.279987637994,C:\Users\ipboy\Documents\GitHub\MouseSpatialGrid\LearningModels\Manual_Tuning\post_fit_reports\unit_133,,,,,,,,,,,,
2026-04-08T12:47:08,133,contra,0,1,76.7392998746,41.4772730388,-35.2620268357,28.2922293752,74.615157806,11.8603350349,36.5316045693,22.871921378,-1.93247707882,0.00332203623839,0.0576371081716,0.00332203623839,2213,2953,4103,6330,0.182769316176,0.271959424218,0.380818464216,0.412957355426,0.271959424218,0.570221815831,0.910074400643,0.272239437831,0.283324688266,0.791464693226,0.265890126673,0.525574566553,3.89248657227,59.9999980927,60,0.226223892307,0.330058717379,C:\Users\ipboy\Documents\GitHub\MouseSpatialGrid\LearningModels\Manual_Tuning\post_fit_reports\unit_133,,,,,,,,,,,,
2026-04-08T12:55:50,133,contra,0,1,120.789277954,41.4772730388,-79.3120049149,28.2922293752,74.615157806,11.8603350349,36.5316045693,25.1674054929,-46.1336937177,0.00373812951148,0.0611402446141,0.00373812951148,2885,4203,5949,6699,0.0813600684832,0.105758797374,0.206656705796,0.480212027859,0.105758797374,0.472290099821,0.910074400643,0.681279938945,0.110945671258,0.791464693226,0.414296874565,0.377167818661,8.18764305115,45,20,0.289955694605,0.351557413972,C:\Users\ipboy\Documents\GitHub\MouseSpatialGrid\LearningModels\Manual_Tuning\post_fit_reports\unit_133,,,,,,,,,,,,
2026-04-08T12:58:18,133,contra,0,1,110.042799429,41.4772730388,-68.5655263903,28.2922293752,74.615157806,11.8603350349,36.5316045693,-4.55334829576,-30.4114375576,0.00281198625453,0.053028164729,0.00281198625453,1959,2619,3531,5597,0.261272637031,0.370318438373,0.506967229725,0.504072374361,0.370318438373,0.643763863809,0.910074400643,0.464771969561,0.385047941758,0.791464693226,0.429503671309,0.361961021916,1.14090251923,59.9999980927,0,0.217514712435,0.290497414329,C:\Users\ipboy\Documents\GitHub\MouseSpatialGrid\LearningModels\Manual_Tuning\post_fit_reports\unit_133,,,,,,,,,,,,
2026-04-08T13:00:04,133,contra,0,1,64.0815323266,41.4772730388,-22.6042592878,28.2922293752,74.615157806,11.8603350349,36.5316045693,-7.81248766728,21.6728099867,0.0025972283911,0.0509630100278,0.0025972283911,1939,2557,3639,5702,0.250746555307,0.400509311065,0.533612657858,0.601231394225,0.400509311065,0.655642858047,0.910074400643,0.183150644445,0.418091593117,0.791464693226,0.381057121262,0.410407571963,3.28848075867,59.9999980927,40,0.1816357456,0.24680925314,C:\Users\ipboy\Documents\GitHub\MouseSpatialGrid\LearningModels\Manual_Tuning\post_fit_reports\unit_133,,,,,,,,,,,,
2026-04-08T13:01:23,133,contra,0,1,64.4072336695,41.4772730388,-22.9299606307,28.2922293752,74.615157806,11.8603350349,36.5316045693,-2.83417324895,18.2286451577,0.00269454042427,0.0519089628511,0.00269454042427,1902,2632,4018,5829,0.264112710618,0.360456897506,0.403544666823,0.582564481278,0.360456897506,0.583229589189,0.910074400643,0.0966763789877,0.376582787247,0.791464693226,0.309446965613,0.482017727612,2.38247203827,59.9999980927,20,0.1290826809,0.219387198806,C:\Users\ipboy\Documents\GitHub\MouseSpatialGrid\LearningModels\Manual_Tuning\post_fit_reports\unit_133,,,,,,,,,,,,
2026-04-08T13:08:03,133,contra,0,1,53.1295951286,41.4772730388,-11.6523220898,28.2922293752,74.615157806,11.8603350349,36.5316045693,-15.2842484788,44.2203481113,0.00259387260303,0.0509300756236,0.00259387260303,1542,1810,2142,3456,0.498037964554,0.639332467975,0.75358613848,0.757531498408,0.639332467975,0.811797826065,0.910074400643,0.795152868933,0.668325079774,0.791464693226,0.721482435404,0.0699822578217,3.25492477417,25,0,0.0914042882672,0.120799687793,C:\Users\ipboy\Documents\GitHub\MouseSpatialGrid\LearningModels\Manual_Tuning\post_fit_reports\unit_133,,,,,,,,,,,,
2026-04-08T13:10:53,133,contra,0,1,38.0864545725,41.4772730388,3.39081846628,28.2922293752,74.615157806,11.8603350349,36.5316045693,-6.52691633605,59.1812628391,0.00298312143423,0.0546179588984,0.00298312143423,1332,1606,2056,3156,0.60628789403,0.697135225042,0.754356768768,0.754208496188,0.697135225042,0.812843511799,0.910074400643,0.858755275134,0.730501983303,0.791464693226,0.706677093137,0.0847876000885,0.637561798096,10,0,0.00906546934716,0.0952997082867,C:\Users\ipboy\Documents\GitHub\MouseSpatialGrid\LearningModels\Manual_Tuning\post_fit_reports\unit_133,,,,,,,,,,,,
2026-04-08T13:13:31,133,contra,0,1,27.463884054,41.4772730388,14.0133889849,28.2922293752,74.615157806,11.8603350349,36.5316045693,1.4879167683,68.6323697433,0.00329519133084,0.0574037571143,0.00329519133084,1565,1891,2433,3871,0.585234554435,0.689581102587,0.740303298535,0.722624440521,0.689581102587,0.802896488065,0.910074400643,0.889597197733,0.720904493307,0.791464693226,0.681512452692,0.109952240534,3.89248657227,15,0,0.0011412453857,0.102552384043,C:\Users\ipboy\Documents\GitHub\MouseSpatialGrid\LearningModels\Manual_Tuning\post_fit_reports\unit_133,,,,,,,,,,,,
2026-04-08T13:15:14,133,contra,0,1,16.2594679815,41.4772730388,25.2178050574,28.2922293752,74.615157806,11.8603350349,36.5316045693,12.169747795,76.7213122963,0.00366430659778,0.0605335163177,0.00366430659778,1889,2479,3041,4935,0.587637807261,0.683478992785,0.731800697166,0.725904360014,0.683478992785,0.796455433423,0.910074400643,0.908875577219,0.714224473374,0.791464693226,0.640248352109,0.151216341116,7.78497314453,30.0000076294,0,0.0274288550979,0.106061642588,C:\Users\ipboy\Documents\GitHub\MouseSpatialGrid\LearningModels\Manual_Tuning\post_fit_reports\unit_133,,,,,,,,,,,,
2026-04-08T13:20:21,133,contra,0,1,15.0475552828,41.4772730388,26.4297177561,28.2922293752,74.615157806,11.8603350349,36.5316045693,13.9882478809,79.2868848314,0.00379853020422,0.0616322172587,0.00379853020422,2279,3017,3991,5731,0.524797449938,0.630043710608,0.657754901314,0.680658536248,0.630043710608,0.744208760911,0.910074400643,0.900016558316,0.65933150507,0.791464693226,0.632665181489,0.158799511737,8.79165077209,15,0,0.020553676968,0.113265858353,C:\Users\ipboy\Documents\GitHub\MouseSpatialGrid\LearningModels\Manual_Tuning\post_fit_reports\unit_133,,,,,,,,,,,,
2026-04-08T13:26:34,133,contra,0,1,15.6397117053,41.4772730388,25.8375613335,28.2922293752,74.615157806,11.8603350349,36.5316045693,12.6541882497,74.3865708746,0.00369115127251,0.060754845671,0.00369115127251,2069,2805,3537,5197,0.548413514059,0.617206919063,0.669836772584,0.679684097035,0.617206919063,0.752697600262,0.910074400643,0.824107177375,0.645047306647,0.791464693226,0.62020489331,0.171259799916,7.91919708252,15,0,0.0103957251356,0.130188364682,C:\Users\ipboy\Documents\GitHub\MouseSpatialGrid\LearningModels\Manual_Tuning\post_fit_reports\unit_133,C:\Users\ipboy\Documents\GitHub\MouseSpatialGrid\LearningModels\config\config.yaml,0.35,0.0025,,0.00176061899401,0.0378185249865,0.040494877845,0.0538099519908,0.0521165728569,100,0.008,
2026-04-08T13:33:44,133,contra,0,1,15.2117488178,41.4772730388,26.265524221,28.2922293752,74.615157806,11.8603350349,36.5316045693,13.3739005604,71.6418149954,0.00371464039199,0.0609478497733,0.00371464039199,2036,2710,3572,5055,0.536532575002,0.623052275355,0.652963259029,0.689543204729,0.623052275355,0.74082566518,0.910074400643,0.867411954429,0.651115350524,0.791464693226,0.595369604591,0.196095088634,8.086977005,10,0,0.00175217241874,0.129302763526,C:\Users\ipboy\Documents\GitHub\MouseSpatialGrid\LearningModels\Manual_Tuning\post_fit_reports\unit_133,C:\Users\ipboy\Documents\GitHub\MouseSpatialGrid\LearningModels\config\config.yaml,0.35,0.0025,C:\Users\ipboy\Documents\GitHub\MouseSpatialGrid\LearningModels\Manual_Tuning\BuildFile\generated_solve_file.py,0.02,0,0,0.2,0.2,100,0.008,
2026-04-08T13:36:28,133,contra,0,1,24.7708941611,41.4772730388,16.7063788777,28.2922293752,74.615157806,11.8603350349,36.5316045693,4.05941486373,69.4801896078,0.00339250359684,0.0582452023504,0.00339250359684,1744,2330,3018,4342,0.575673947047,0.6439893939,0.681907495794,0.69348680759,0.6439893939,0.760929343668,0.910074400643,0.89572232732,0.673081912961,0.791464693226,0.66030267136,0.131162021865,4.86560821533,5,0,0.0258640248846,0.133309211149,C:\Users\ipboy\Documents\GitHub\MouseSpatialGrid\LearningModels\Manual_Tuning\post_fit_reports\unit_133,C:\Users\ipboy\Documents\GitHub\MouseSpatialGrid\LearningModels\config\config.yaml,0.35,0.0025,C:\Users\ipboy\Documents\GitHub\MouseSpatialGrid\LearningModels\Manual_Tuning\BuildFile\generated_solve_file.py,0.02,0,0,0.2,0.4,100,0.008,
2026-04-08T13:38:14,133,contra,0,1,155.168119625,41.4772730388,-113.690846586,28.2922293752,74.615157806,11.8603350349,36.5316045693,9.38310872426,-79.3964992336,0.00351330498233,0.0592731387927,0.00351330498233,2224,3166,4086,5006,0.465014530727,0.537668400584,0.63288991356,0.7093410874,0.537668400584,0.723056221729,0.910074400643,0.916584807267,0.562314121493,0.791464693226,0.701485018879,0.0899796743461,5.8722858429,35,0,0.0450938014023,0.140220803453,C:\Users\ipboy\Documents\GitHub\MouseSpatialGrid\LearningModels\Manual_Tuning\post_fit_reports\unit_133,C:\Users\ipboy\Documents\GitHub\MouseSpatialGrid\LearningModels\config\config.yaml,0.35,0.005,C:\Users\ipboy\Documents\GitHub\MouseSpatialGrid\LearningModels\Manual_Tuning\BuildFile\generated_solve_file.py,0.02,0,0,0.2,0.4,100,0.008,
2026-04-08T13:39:56,133,contra,0,1,24.0377976028,41.4772730388,17.4394754361,28.2922293752,74.615157806,11.8603350349,36.5316045693,4.74873379623,79.4648515608,0.00344954873435,0.0587328590684,0.00344954873435,1815,2459,3363,4495,0.584328104728,0.660963742174,0.701007658759,0.727826252773,0.660963742174,0.77302032014,0.910074400643,0.921032687546,0.691890382255,0.791464693226,0.710249973686,0.0812147195397,5.50317001343,25,0,0.0235900048778,0.137326404735,C:\Users\ipboy\Documents\GitHub\MouseSpatialGrid\LearningModels\Manual_Tuning\post_fit_reports\unit_133,C:\Users\ipboy\Documents\GitHub\MouseSpatialGrid\LearningModels\config\config.yaml,0.35,0.0035,C:\Users\ipboy\Documents\GitHub\MouseSpatialGrid\LearningModels\Manual_Tuning\BuildFile\generated_solve_file.py,0.02,0,0,0.2,0.4,100,0.008,
2026-04-08T13:41:47,133,contra,0,1,29.0697264418,41.4772730388,12.407546597,28.2922293752,74.615157806,11.8603350349,36.5316045693,45.1539182653,98.294947568,0.00451662717387,0.0672058566932,0.00451662717387,2913,4235,6427,10173,0.582126494052,0.670669014488,0.699805124443,0.721114688196,0.670669014488,0.773746492176,0.910074400643,0.929131744697,0.70249376478,0.791464693226,0.631206028905,0.160258664321,16.17395401,70,0,0.0205220938549,0.1165883659,C:\Users\ipboy\Documents\GitHub\MouseSpatialGrid\LearningModels\Manual_Tuning\post_fit_reports\unit_133,C:\Users\ipboy\Documents\GitHub\MouseSpatialGrid\LearningModels\config\config.yaml,0.35,0.0035,C:\Users\ipboy\Documents\GitHub\MouseSpatialGrid\LearningModels\Manual_Tuning\BuildFile\generated_solve_file.py,0.03,0,0,0.2,0.4,100,0.008,
2026-04-08T13:43:11,133,contra,0,1,37.9227664062,41.4772730388,3.55450663258,28.2922293752,74.615157806,11.8603350349,36.5316045693,48.3155089601,106.820817038,0.00462736142799,0.068024711892,0.00462736142799,3230,5104,8572,11836,0.540914627605,0.61153793298,0.63278212455,0.703038392136,0.61153793298,0.725778866857,0.910074400643,0.956275705073,0.641728683564,0.791464693226,0.657612075392,0.133852617833,17.1470756531,80.0000152588,0,0.0165296097035,0.122519098337,C:\Users\ipboy\Documents\GitHub\MouseSpatialGrid\LearningModels\Manual_Tuning\post_fit_reports\unit_133,C:\Users\ipboy\Documents\GitHub\MouseSpatialGrid\LearningModels\config\config.yaml,0.35,0.004,C:\Users\ipboy\Documents\GitHub\MouseSpatialGrid\LearningModels\Manual_Tuning\BuildFile\generated_solve_file.py,0.03,0,0,0.2,0.4,100,0.008,
2026-04-08T13:45:20,133,contra,0,1,37.5392545986,41.4772730388,3.93801844024,28.2922293752,74.615157806,11.8603350349,36.5316045693,43.9413427609,108.737011303,0.00448642671108,0.0669807935985,0.00448642671108,3494,5386,8166,10954,0.496970835416,0.582735953418,0.657392752698,0.723235554803,0.582735953418,0.742271817064,0.910074400643,0.949714835765,0.609045857307,0.791464693226,0.684154097903,0.107310595322,15.8048400879,95,0,0.0514567011291,0.16680082238,C:\Users\ipboy\Documents\GitHub\MouseSpatialGrid\LearningModels\Manual_Tuning\post_fit_reports\unit_133,C:\Users\ipboy\Documents\GitHub\MouseSpatialGrid\LearningModels\config\config.yaml,0.2,0.005,C:\Users\ipboy\Documents\GitHub\MouseSpatialGrid\LearningModels\Manual_Tuning\BuildFile\generated_solve_file.py,0.03,0,0,0.2,0.4,100,0.008,
2026-04-08T13:47:08,133,contra,0,1,28.8665929942,41.4772730388,12.6106800446,28.2922293752,74.615157806,11.8603350349,36.5316045693,30.6406467747,103.386065453,0.0042045568116,0.0648425540182,0.0042045568116,3168,4952,6992,9408,0.483934805591,0.553968332478,0.641975435429,0.701379908065,0.553968332478,0.730071319982,0.910074400643,0.955601087486,0.579205203399,0.791464693226,0.697692589648,0.0937721035778,12.8519172668,60,0,0.0208029142458,0.128469111511,C:\Users\ipboy\Documents\GitHub\MouseSpatialGrid\LearningModels\Manual_Tuning\post_fit_reports\unit_133,C:\Users\ipboy\Documents\GitHub\MouseSpatialGrid\LearningModels\config\config.yaml,0.2,0.005,C:\Users\ipboy\Documents\GitHub\MouseSpatialGrid\LearningModels\Manual_Tuning\BuildFile\generated_solve_file.py,0.027,0,0,0.2,0.4,100,0.008,
2026-04-08T13:52:06,133,contra,0,1,163.468634772,41.4772730388,-121.991361733,28.2922293752,74.615157806,11.8603350349,36.5316045693,23.0725252829,-88.7701207332,0.00382201932371,0.0618224823483,0.00382201932371,2718,3962,5352,6634,0.440919286459,0.519282202137,0.622570637931,0.726398734025,0.519282202137,0.716009862647,0.910074400643,0.907510390869,0.542484858743,0.791464693226,0.694571438747,0.0968932544789,9.22787666321,35,0,0.107983441714,0.191673331908,C:\Users\ipboy\Documents\GitHub\MouseSpatialGrid\LearningModels\Manual_Tuning\post_fit_reports\unit_133,C:\Users\ipboy\Documents\GitHub\MouseSpatialGrid\LearningModels\config\config.yaml,0.1,0.005,C:\Users\ipboy\Documents\GitHub\MouseSpatialGrid\LearningModels\Manual_Tuning\BuildFile\generated_solve_file.py,0.027,0,0,0.2,0.4,100,0.008,
2026-04-08T13:54:30,133,contra,0,1,161.695832138,41.4772730388,-120.218559099,28.2922293752,74.615157806,11.8603350349,36.5316045693,16.1429960963,-86.6236038536,0.00365759548731,0.0604780578996,0.00365759548731,2499,3275,4441,5099,0.44101192775,0.56527853188,0.664888115846,0.728872542186,0.56527853188,0.745640808777,0.910074400643,0.898477423661,0.590407569357,0.791464693226,0.716439521555,0.0750251716704,7.31518936157,10,0,0.0751953008444,0.173497467637,C:\Users\ipboy\Documents\GitHub\MouseSpatialGrid\LearningModels\Manual_Tuning\post_fit_reports\unit_133,C:\Users\ipboy\Documents\GitHub\MouseSpatialGrid\LearningModels\config\config.yaml,0.1,0.004,C:\Users\ipboy\Documents\GitHub\MouseSpatialGrid\LearningModels\Manual_Tuning\BuildFile\generated_solve_file.py,0.027,0,0,0.2,0.4,100,0.008,
2026-04-08T13:57:53,133,contra,0,1,20.6380822676,41.4772730388,20.8391907712,28.2922293752,74.615157806,11.8603350349,36.5316045693,15.6320585757,90.913946565,0.00379517464899,0.061604988832,0.00379517464899,2450,3524,4374,5368,0.505280699533,0.590395556911,0.707350406856,0.761901506474,0.590395556911,0.77808613226,0.910074400643,0.91186865595,0.616746427625,0.791464693226,0.703262394953,0.088202298273,8.95943069458,65,0,0.0930804191987,0.177341425773,C:\Users\ipboy\Documents\GitHub\MouseSpatialGrid\LearningModels\Manual_Tuning\post_fit_reports\unit_133,C:\Users\ipboy\Documents\GitHub\MouseSpatialGrid\LearningModels\config\config.yaml,0.1,0.004,C:\Users\ipboy\Documents\GitHub\MouseSpatialGrid\LearningModels\Manual_Tuning\BuildFile\generated_solve_file.py,0.03,0,0,0.2,0.4,100,0.008,
2026-04-08T16:01:08,133,contra,0,1,23.5125970738,41.4772730388,17.9646759651,28.2922293752,74.615157806,11.8603350349,36.5316045693,9.19451221031,88.3308211237,0.00360390590504,0.0600325403847,0.00360390590504,2063,2803,4079,4945,0.544334867593,0.636246942729,0.700868302974,0.740593312281,0.636246942729,0.771400902264,0.910074400643,0.925814159843,0.665733494822,0.791464693226,0.732863610246,0.0586010829798,6.77829551697,25,0,0.0457268007698,0.153964823456,C:\Users\ipboy\Documents\GitHub\MouseSpatialGrid\LearningModels\Manual_Tuning\post_fit_reports\unit_133,C:\Users\ipboy\Documents\GitHub\MouseSpatialGrid\LearningModels\config\config.yaml,0.1,0.004,C:\Users\ipboy\Documents\GitHub\MouseSpatialGrid\LearningModels\Manual_Tuning\BuildFile\generated_solve_file.py,0.027,0,0,0.2,0.4,100,0.008,
2026-04-09T10:57:40,133,contra,0,1,152.222614746,41.4772730388,-110.745341707,28.2922293752,74.615157806,11.8603350349,36.5316045693,11.8380946191,-76.7155591334,0.00349988252856,0.0591598050078,0.00349988252856,1916,2544,3174,4054,0.51631812115,0.613279914302,0.712130016122,0.769426005654,0.613279914302,0.782051181877,0.910074400643,0.908561602506,0.641049837015,0.791464693226,0.692071018633,0.099393674593,5.8722858429,20.0000076294,0,0.115806465555,0.188930234832,C:\Users\ipboy\Documents\GitHub\MouseSpatialGrid\LearningModels\Manual_Tuning\post_fit_reports\unit_133,C:\Users\ipboy\Documents\GitHub\MouseSpatialGrid\LearningModels\config\config.yaml,0.08,0.004,C:\Users\ipboy\Documents\GitHub\MouseSpatialGrid\LearningModels\Manual_Tuning\BuildFile\generated_solve_file.py,0.027,0.01,0,0.05,0.4,100,0.008,
2026-04-09T10:59:30,133,contra,0,1,43.4271633657,41.4772730388,-1.94989032686,28.2922293752,74.615157806,11.8603350349,36.5316045693,-7.5556131582,50.1029016125,0.00291936518624,0.0540311501473,0.00291936518624,1591,1849,2381,3625,0.493546262589,0.630411019749,0.701702116394,0.716753288687,0.630411019749,0.775183137907,0.910074400643,0.742355675902,0.658665781636,0.791464693226,0.655155985811,0.136308707414,0.134224891663,5,0,0.0868664284075,0.196961163822,C:\Users\ipboy\Documents\GitHub\MouseSpatialGrid\LearningModels\Manual_Tuning\post_fit_reports\unit_133,C:\Users\ipboy\Documents\GitHub\MouseSpatialGrid\LearningModels\config\config.yaml,0.08,0.0025,C:\Users\ipboy\Documents\GitHub\MouseSpatialGrid\LearningModels\Manual_Tuning\BuildFile\generated_solve_file.py,0.027,0.01,0,0.05,0.4,100,0.008,
2026-04-09T11:01:04,133,contra,0,1,32.5819214993,41.4772730388,8.89535153955,28.2922293752,74.615157806,11.8603350349,36.5316045693,0.282252661998,57.9711554894,0.00319452374242,0.0565201180326,0.00319452374242,1617,1893,2253,3281,0.521644433372,0.648969782091,0.731870073693,0.752916939802,0.648969782091,0.796242153888,0.910074400643,0.80148804475,0.678912244414,0.791464693226,0.630693434875,0.160771258351,2.81869697571,10,0,0.0396298921146,0.107456627802,C:\Users\ipboy\Documents\GitHub\MouseSpatialGrid\LearningModels\Manual_Tuning\post_fit_reports\unit_133,C:\Users\ipboy\Documents\GitHub\MouseSpatialGrid\LearningModels\config\config.yaml,0.08,0.0025,C:\Users\ipboy\Documents\GitHub\MouseSpatialGrid\LearningModels\Manual_Tuning\BuildFile\generated_solve_file.py,0.035,0.01,0,0.05,0.4,100,0.008,
2026-04-09T11:02:53,133,contra,0,1,41.6906527676,41.4772730388,-0.213379728784,28.2922293752,74.615157806,11.8603350349,36.5316045693,-3.58596691091,47.7471260631,0.0030300996732,0.0550463411427,0.0030300996732,1442,1796,2462,3896,0.550841094309,0.642213862625,0.691676461619,0.687613493576,0.642213862625,0.766377155914,0.910074400643,0.683645880511,0.672755947377,0.791464693226,0.57621759279,0.215247100436,1.24156856537,20,0,0.0899715627088,0.195853954956,C:\Users\ipboy\Documents\GitHub\MouseSpatialGrid\LearningModels\Manual_Tuning\post_fit_reports\unit_133,C:\Users\ipboy\Documents\GitHub\MouseSpatialGrid\LearningModels\config\config.yaml,0.08,0.0025,C:\Users\ipboy\Documents\GitHub\MouseSpatialGrid\LearningModels\Manual_Tuning\BuildFile\generated_solve_file.py,0.04,0.01,0,0.05,0.4,100,0.015,
2026-04-09T11:06:15,133,contra,0,1,152.48472352,41.4772730388,-111.007450481,28.2922293752,74.615157806,11.8603350349,36.5316045693,24.9987302647,-77.8339936202,0.00393946515396,0.0627651587584,0.00393946515396,2353,3035,4087,5720,0.502781234063,0.611636702855,0.66897986823,0.721277115351,0.611636702855,0.751920275322,0.910074400643,0.767578120254,0.638715561258,0.791464693226,0.603814455642,0.187650237584,10.4023342133,0,0,0.123362354208,0.159169349823,C:\Users\ipboy\Documents\GitHub\MouseSpatialGrid\LearningModels\Manual_Tuning\post_fit_reports\unit_133,C:\Users\ipboy\Documents\GitHub\MouseSpatialGrid\LearningModels\config\config.yaml,0.08,0.0025,C:\Users\ipboy\Documents\GitHub\MouseSpatialGrid\LearningModels\Manual_Tuning\BuildFile\generated_solve_file.py,0.04,0.01,0,0.05,0.4,100,0.003,
2026-04-09T11:07:58,133,contra,0,1,139.160063955,41.4772730388,-97.6827909159,28.2922293752,74.615157806,11.8603350349,36.5316045693,15.1284324467,-63.920894723,0.003634106135,0.060283547797,0.003634106135,1702,2256,2930,3932,0.535216252911,0.619506711995,0.691398363942,0.758822402899,0.619506711995,0.765107658646,0.910074400643,0.761393923961,0.648785548886,0.791464693226,0.557625507753,0.233839185473,7.34874534607,15,0,0.0731035602265,0.184168212832,C:\Users\ipboy\Documents\GitHub\MouseSpatialGrid\LearningModels\Manual_Tuning\post_fit_reports\unit_133,C:\Users\ipboy\Documents\GitHub\MouseSpatialGrid\LearningModels\config\config.yaml,0.08,0.0025,C:\Users\ipboy\Documents\GitHub\MouseSpatialGrid\LearningModels\Manual_Tuning\BuildFile\generated_solve_file.py,0.04,0.01,0,0.05,0.4,100,0.006,
2026-04-09T11:09:18,133,contra,0,1,27.3209488034,41.4772730388,14.1563242354,28.2922293752,74.615157806,11.8603350349,36.5316045693,4.21242578887,61.7079000505,0.00336230336688,0.0579853720078,0.00336230336688,1759,2193,2569,3950,0.516428243636,0.623566789996,0.70664120903,0.711300914986,0.623566789996,0.778188184753,0.910074400643,0.773397326052,0.651446195726,0.791464693226,0.615769385564,0.175695307661,4.42938232422,0,0,0.0971484888257,0.18220542811,C:\Users\ipboy\Documents\GitHub\MouseSpatialGrid\LearningModels\Manual_Tuning\post_fit_reports\unit_133,C:\Users\ipboy\Documents\GitHub\MouseSpatialGrid\LearningModels\config\config.yaml,0.08,0.0025,C:\Users\ipboy\Documents\GitHub\MouseSpatialGrid\LearningModels\Manual_Tuning\BuildFile\generated_solve_file.py,0.04,0,0,0.05,0.4,100,0.008,
2026-04-09T11:10:48,133,contra,0,1,43.5085271311,41.4772730388,-2.03125409229,28.2922293752,74.615157806,11.8603350349,36.5316045693,46.3066103031,114.219122417,0.00470789568499,0.0686141070407,0.00470789568499,5488,7902,9890,13718,0.471886513423,0.561827756637,0.606138629369,0.639462392687,0.561827756637,0.706192032025,0.910074400643,0.934937954661,0.587099021482,0.791464693226,0.665463469005,0.12600122422,18.1537532806,55.0000152588,0,0.0475769447561,0.110983465424,C:\Users\ipboy\Documents\GitHub\MouseSpatialGrid\LearningModels\Manual_Tuning\post_fit_reports\unit_133,C:\Users\ipboy\Documents\GitHub\MouseSpatialGrid\LearningModels\config\config.yaml,0.2,0.0025,C:\Users\ipboy\Documents\GitHub\MouseSpatialGrid\LearningModels\Manual_Tuning\BuildFile\generated_solve_file.py,0.04,0,0,0.05,0.4,100,0.008,
2026-04-09T11:12:58,133,contra,0,1,18.2609934807,41.4772730388,23.2162795581,28.2922293752,74.615157806,11.8603350349,36.5316045693,10.0342680193,74.2823965822,0.00361732835881,0.0601442296385,0.00361732835881,2013,2679,3231,4153,0.522141984191,0.611938151019,0.696541890308,0.750105385032,0.611938151019,0.771532295876,0.910074400643,0.743076587384,0.639308171423,0.791464693226,0.647362136911,0.144102556315,6.91251945496,50,0,0.00515254373509,0.0957979728835,C:\Users\ipboy\Documents\GitHub\MouseSpatialGrid\LearningModels\Manual_Tuning\post_fit_reports\unit_133,C:\Users\ipboy\Documents\GitHub\MouseSpatialGrid\LearningModels\config\config.yaml,0.1,0.0025,C:\Users\ipboy\Documents\GitHub\MouseSpatialGrid\LearningModels\Manual_Tuning\BuildFile\generated_solve_file.py,0.04,0,0,0.05,0.4,100,0.008,
2026-04-09T11:15:08,133,contra,0,1,11.9044609621,41.4772730388,29.5728120767,28.2922293752,74.615157806,11.8603350349,36.5316045693,16.423208726,75.5330573807,0.00376497441903,0.0613593873749,0.00376497441903,1729,2209,2917,4655,0.596410534028,0.694306671502,0.751012204261,0.759515331086,0.694306671502,0.809384479405,0.910074400643,0.812468511043,0.725450999915,0.791464693226,0.624185550271,0.167279142955,8.52320289612,10,0,0.0568286158678,0.163807422797,C:\Users\ipboy\Documents\GitHub\MouseSpatialGrid\LearningModels\Manual_Tuning\post_fit_reports\unit_133,C:\Users\ipboy\Documents\GitHub\MouseSpatialGrid\LearningModels\config\config.yaml,0.1,0.003,C:\Users\ipboy\Documents\GitHub\MouseSpatialGrid\LearningModels\Manual_Tuning\BuildFile\generated_solve_file.py,0.04,0,0,0.05,0.4,100,0.01,
2026-04-09T11:17:54,133,contra,0,1,14.7937645369,41.4772730388,26.683508502,28.2922293752,74.615157806,11.8603350349,36.5316045693,17.7540287158,84.9979221794,0.00385893089697,0.0621202937611,0.00385893089697,1957,2769,3665,5405,0.583790779388,0.665236976951,0.735676565737,0.751948717637,0.665236976951,0.799495866813,0.910074400643,0.919223695789,0.695119285576,0.791464693226,0.65612784152,0.135336851705,9.66410446167,30.0000076294,0,0.0528512554006,0.165898030717,C:\Users\ipboy\Documents\GitHub\MouseSpatialGrid\LearningModels\Manual_Tuning\post_fit_reports\unit_133,C:\Users\ipboy\Documents\GitHub\MouseSpatialGrid\LearningModels\config\config.yaml,0.1,0.0032,C:\Users\ipboy\Documents\GitHub\MouseSpatialGrid\LearningModels\Manual_Tuning\BuildFile\generated_solve_file.py,0.04,0,0,0.05,0.4,100,0.01,
2026-04-09T11:21:10,133,contra,0,1,14.3958571031,41.4772730388,27.0814159357,28.2922293752,74.615157806,11.8603350349,36.5316045693,21.1364156746,87.1065561271,0.00400657719001,0.0632975290988,0.00400657719001,2385,3283,4291,6513,0.554186538171,0.643686573827,0.704727127106,0.729617723964,0.643686573827,0.777301277362,0.910074400643,0.83510314023,0.67285529555,0.791464693226,0.639014531414,0.152450161812,11.0734519958,60,0,0.00831544509494,0.119092228452,C:\Users\ipboy\Documents\GitHub\MouseSpatialGrid\LearningModels\Manual_Tuning\post_fit_reports\unit_133,C:\Users\ipboy\Documents\GitHub\MouseSpatialGrid\LearningModels\config\config.yaml,0.12,0.003,C:\Users\ipboy\Documents\GitHub\MouseSpatialGrid\LearningModels\Manual_Tuning\BuildFile\generated_solve_file.py,0.04,0,0,0.05,0.4,100,0.01,
2026-04-09T11:41:10,133,contra,0,1,65.743153754,41.4772730388,-24.2658807152,28.2922293752,74.615157806,11.8603350349,36.5316045693,-21.1897753869,31.3289767518,0.00228851381689,0.0478384136118,0.00228851381689,1665,2199,3133,5295,0.440894187742,0.555692005453,0.644491218606,0.646346586334,0.555692005453,0.730856955988,0.910074400643,0.772832227654,0.582834927506,0.791464693226,0.711114076065,0.0803506171604,6.30851364136,40,0,0.00306844929573,0.0929003152002,C:\Users\ipboy\Documents\GitHub\MouseSpatialGrid\LearningModels\Manual_Tuning\post_fit_reports\unit_133,C:\Users\ipboy\Documents\GitHub\MouseSpatialGrid\LearningModels\config\config.yaml,0.1,0.003,C:\Users\ipboy\Documents\GitHub\MouseSpatialGrid\LearningModels\Manual_Tuning\BuildFile\generated_solve_file.py,0.04,0,0,0.05,0.4,100,0.08,
2026-04-09T11:43:19,133,contra,0,1,11.0982206955,41.4772730388,30.3790523433,28.2922293752,74.615157806,11.8603350349,36.5316045693,18.961371817,80.6239513485,0.00388913112693,0.0623628986411,0.00388913112693,2032,2812,3632,5608,0.559441649576,0.644326234099,0.717173523191,0.738744588389,0.644326234099,0.7859057354,0.910074400643,0.825783233878,0.673302497048,0.791464693226,0.629732857072,0.161731836154,9.76477432251,35,0,0.0532058141533,0.126558285029,C:\Users\ipboy\Documents\GitHub\MouseSpatialGrid\LearningModels\Manual_Tuning\post_fit_reports\unit_133,C:\Users\ipboy\Documents\GitHub\MouseSpatialGrid\LearningModels\config\config.yaml,0.1,0.003,C:\Users\ipboy\Documents\GitHub\MouseSpatialGrid\LearningModels\Manual_Tuning\BuildFile\generated_solve_file.py,0.04,0,0,0.05,0.4,100,0.008,
2026-04-09T12:30:36,133,contra,0,1,12.7097040409,41.4772730388,28.7675689979,28.2922293752,74.615157806,11.8603350349,36.5316045693,17.8080850843,81.7998147425,0.00385893089697,0.0621202937611,0.00385893089697,2033,2899,3837,5133,0.555216987028,0.627043105521,0.701134758321,0.741737959327,0.627043105521,0.774785884793,0.910074400643,0.883210906612,0.655232457846,0.791464693226,0.642715093582,0.148749599644,9.46277046204,25,0,0.0819742981324,0.168308111449,C:\Users\ipboy\Documents\GitHub\MouseSpatialGrid\LearningModels\Manual_Tuning\post_fit_reports\unit_133,C:\Users\ipboy\Documents\GitHub\MouseSpatialGrid\LearningModels\config\config.yaml,0.1,0.003,C:\Users\ipboy\Documents\GitHub\MouseSpatialGrid\LearningModels\Manual_Tuning\BuildFile\generated_solve_file.py,0.042,0,0,0.05,0.4,100,0.01,
2026-04-09T12:32:42,133,contra,0,1,9.96359039877,41.4772730388,31.51368264,28.2922293752,74.615157806,11.8603350349,36.5316045693,18.8728443211,77.8629753558,0.00386564200744,0.0621742873497,0.00386564200744,1849,2465,3005,4433,0.593810489521,0.680816857127,0.760772767661,0.788996971962,0.680816857127,0.815998451517,0.910074400643,0.856716185708,0.711894551279,0.791464693226,0.620503633454,0.170961059771,9.39565658569,30.0000076294,0,0.00531345638796,0.101859799489,C:\Users\ipboy\Documents\GitHub\MouseSpatialGrid\LearningModels\Manual_Tuning\post_fit_reports\unit_133,C:\Users\ipboy\Documents\GitHub\MouseSpatialGrid\LearningModels\config\config.yaml,0.1,0.003,C:\Users\ipboy\Documents\GitHub\MouseSpatialGrid\LearningModels\Manual_Tuning\BuildFile\generated_solve_file.py,0.04,0,0,0.05,0.3,100,0.01,
2026-04-09T12:37:13,133,contra,0,1,11.0854310821,41.4772730388,30.3918419567,28.2922293752,74.615157806,11.8603350349,36.5316045693,17.5358473521,77.296021109,0.00380188575946,0.0616594336615,0.00380188575946,1972,2522,3392,4922,0.549129722425,0.660509771063,0.716890430656,0.747061780508,0.660509771063,0.785460378901,0.910074400643,0.868627748529,0.690381724476,0.791464693226,0.620754813794,0.170709879431,9.16076660156,15,0,0.0302386213024,0.124489677059,C:\Users\ipboy\Documents\GitHub\MouseSpatialGrid\LearningModels\Manual_Tuning\post_fit_reports\unit_133,C:\Users\ipboy\Documents\GitHub\MouseSpatialGrid\LearningModels\config\config.yaml,0.1,0.003,C:\Users\ipboy\Documents\GitHub\MouseSpatialGrid\LearningModels\Manual_Tuning\BuildFile\generated_solve_file.py,0.04,0,0,0.05,0.25,100,0.01,
2026-04-09T12:40:12,133,contra,0,1,15.3516528617,41.4772730388,26.1256201771,28.2922293752,74.615157806,11.8603350349,36.5316045693,13.8827597717,79.9104794519,0.00370792928152,0.0608927687129,0.00370792928152,1794,2418,3186,4576,0.60157341073,0.680720110737,0.740346733449,0.756249788297,0.680720110737,0.802912068999,0.910074400643,0.87120274639,0.711811068423,0.791464693226,0.662226998559,0.129237694667,8.01986503601,60,0,0.0613161623596,0.149599422736,C:\Users\ipboy\Documents\GitHub\MouseSpatialGrid\LearningModels\Manual_Tuning\post_fit_reports\unit_133,C:\Users\ipboy\Documents\GitHub\MouseSpatialGrid\LearningModels\config\config.yaml,0.1,0.003,C:\Users\ipboy\Documents\GitHub\MouseSpatialGrid\LearningModels\Manual_Tuning\BuildFile\generated_solve_file.py,0.04,0,0,0.1,0.4,100,0.01,
2026-04-09T12:41:57,133,contra,0,1,12.8876953088,41.4772730388,28.5895777301,28.2922293752,74.615157806,11.8603350349,36.5316045693,16.7344139715,80.316876272,0.00380859710276,0.0617138323454,0.00380859710276,2104,2802,3676,5626,0.530184124734,0.630588776443,0.703366496252,0.708243107913,0.630588776443,0.776363363596,0.910074400643,0.87908704979,0.658807320658,0.791464693226,0.642117213181,0.149347480045,9.02654266357,45,0,0.0316102373419,0.146472906122,C:\Users\ipboy\Documents\GitHub\MouseSpatialGrid\LearningModels\Manual_Tuning\post_fit_reports\unit_133,C:\Users\ipboy\Documents\GitHub\MouseSpatialGrid\LearningModels\config\config.yaml,0.1,0.003,C:\Users\ipboy\Documents\GitHub\MouseSpatialGrid\LearningModels\Manual_Tuning\BuildFile\generated_solve_file.py,0.04,0,0,0.03,0.4,100,0.01,
2026-04-09T12:46:52,133,contra,0,1,14.0266594124,41.4772730388,27.4506136265,28.2922293752,74.615157806,11.8603350349,36.5316045693,14.4968528953,77.1518410834,0.00373477395624,0.0611127969924,0.00373477395624,1850,2494,3098,4814,0.573899143767,0.655385876659,0.735851299574,0.743257130382,0.655385876659,0.799347021654,0.910074400643,0.867670892329,0.684959660718,0.791464693226,0.641338701493,0.150125991732,8.154088974,40,0,0.10845394562,0,C:\Users\ipboy\Documents\GitHub\MouseSpatialGrid\LearningModels\Manual_Tuning\post_fit_reports\unit_133,C:\Users\ipboy\Documents\GitHub\MouseSpatialGrid\LearningModels\config\config.yaml,0.1,0.003,C:\Users\ipboy\Documents\GitHub\MouseSpatialGrid\LearningModels\Manual_Tuning\BuildFile\generated_solve_file.py,0.04,0,0,0.05,0.4,100,0.01,1.02055934698
2026-04-09T12:49:35,133,contra,0,1,18.0547443229,41.4772730388,23.4225287159,28.2922293752,74.615157806,11.8603350349,36.5316045693,10.2493633218,73.9603470354,0.00358377234079,0.0598646167681,0.00358377234079,1787,2207,2877,4005,0.571873473895,0.673354235869,0.731426307217,0.761090935763,0.673354235869,0.796330216803,0.910074400643,0.847750665993,0.704662829911,0.791464693226,0.647095787523,0.144368905702,6.84540748596,25,0,0.117013637047,0,C:\Users\ipboy\Documents\GitHub\MouseSpatialGrid\LearningModels\Manual_Tuning\post_fit_reports\unit_133,C:\Users\ipboy\Documents\GitHub\MouseSpatialGrid\LearningModels\config\config.yaml,0.1,0.003,C:\Users\ipboy\Documents\GitHub\MouseSpatialGrid\LearningModels\Manual_Tuning\BuildFile\generated_solve_file.py,0.039,0,0,0.05,0.3,100,0.011,0.817669170001
2026-04-09T12:51:14,133,contra,0,1,13.920928615,41.4772730388,27.5563444238,28.2922293752,74.615157806,11.8603350349,36.5316045693,14.717345938,77.6997636432,0.00376832997426,0.0613867247397,0.00376832997426,1908,2308,2938,3456,0.584319659364,0.698492714807,0.755046671422,0.832245525143,0.698492714807,0.812673839214,0.910074400643,0.832164375598,0.730450821586,0.791464693226,0.634603593952,0.156861099274,8.48964691162,40,0,0.126598575849,0,C:\Users\ipboy\Documents\GitHub\MouseSpatialGrid\LearningModels\Manual_Tuning\post_fit_reports\unit_133,C:\Users\ipboy\Documents\GitHub\MouseSpatialGrid\LearningModels\config\config.yaml,0.1,0.003,C:\Users\ipboy\Documents\GitHub\MouseSpatialGrid\LearningModels\Manual_Tuning\BuildFile\generated_solve_file.py,0.04,0,0.01,0.05,0.3,100,0.01,0.596707834152
2026-04-09T12:53:00,133,contra,0,1,11.4039630573,41.4772730388,30.0733099815,28.2922293752,74.615157806,11.8603350349,36.5316045693,17.1268127187,76.9354690563,0.00376161863096,0.0613320359271,0.00376161863096,1780,2102,2722,3672,0.581311684567,0.707292994,0.777858977742,0.818102175471,0.707292994,0.828452617467,0.910074400643,0.850510396483,0.73922934236,0.791464693226,0.629586773679,0.161877919547,8.6909828186,50,0,0.107805915446,0,C:\Users\ipboy\Documents\GitHub\MouseSpatialGrid\LearningModels\Manual_Tuning\post_fit_reports\unit_133,C:\Users\ipboy\Documents\GitHub\MouseSpatialGrid\LearningModels\config\config.yaml,0.11,0.0031,C:\Users\ipboy\Documents\GitHub\MouseSpatialGrid\LearningModels\Manual_Tuning\BuildFile\generated_solve_file.py,0.04,0,0.01,0.05,0.3,100,0.01,0.853299723546
2026-04-09T12:54:42,133,contra,0,1,8.37857211682,41.4772730388,33.098700922,28.2922293752,74.615157806,11.8603350349,36.5316045693,23.7019680029,81.6244353187,0.00400657719001,0.0632975290988,0.00400657719001,2075,2717,3513,4643,0.580873492111,0.680011058826,0.74820728199,0.824667964623,0.680011058826,0.806833166418,0.910074400643,0.867745067451,0.710282884645,0.791464693226,0.61247786674,0.178986826485,11.0063419342,60,0,0.0985698033372,0,C:\Users\ipboy\Documents\GitHub\MouseSpatialGrid\LearningModels\Manual_Tuning\post_fit_reports\unit_133,C:\Users\ipboy\Documents\GitHub\MouseSpatialGrid\LearningModels\config\config.yaml,0.12,0.0032,C:\Users\ipboy\Documents\GitHub\MouseSpatialGrid\LearningModels\Manual_Tuning\BuildFile\generated_solve_file.py,0.04,0,0.01,0.05,0.3,100,0.011,0.691823899371
2026-04-09T12:57:05,133,contra,0,1,12.7982786264,41.4772730388,28.6789944124,28.2922293752,74.615157806,11.8603350349,36.5316045693,15.5312746474,75.5918718048,0.00375155196525,0.061249914002,0.00375155196525,1787,2189,2701,3665,0.583235323934,0.695488847375,0.769613054127,0.824405484962,0.695488847375,0.822495568997,0.910074400643,0.868912797042,0.726498776948,0.791464693226,0.626380126734,0.165084566492,8.32186889648,45,0,0.0898719606513,0,C:\Users\ipboy\Documents\GitHub\MouseSpatialGrid\LearningModels\Manual_Tuning\post_fit_reports\unit_133,C:\Users\ipboy\Documents\GitHub\MouseSpatialGrid\LearningModels\config\config.yaml,0.12,0.0032,C:\Users\ipboy\Documents\GitHub\MouseSpatialGrid\LearningModels\Manual_Tuning\BuildFile\generated_solve_file.py,0.039,0,0.01,0.05,0.3,100,0.012,0.651035173343
2026-04-09T12:59:12,133,contra,0,1,14.7313947043,41.4772730388,26.7458783345,28.2922293752,74.615157806,11.8603350349,36.5316045693,17.9700976144,85.1255139296,0.00384550844319,0.0620121636713,0.00384550844319,1957,2719,3567,4145,0.591333360364,0.672771280699,0.744769693286,0.826455212901,0.672771280699,0.806093696303,0.910074400643,0.866624037244,0.703090494577,0.791464693226,0.662315403268,0.129149289957,9.46277046204,80.0000152588,0,0.08076590528,0,C:\Users\ipboy\Documents\GitHub\MouseSpatialGrid\LearningModels\Manual_Tuning\post_fit_reports\unit_133,C:\Users\ipboy\Documents\GitHub\MouseSpatialGrid\LearningModels\config\config.yaml,0.11,0.0033,C:\Users\ipboy\Documents\GitHub\MouseSpatialGrid\LearningModels\Manual_Tuning\BuildFile\generated_solve_file.py,0.04,0,0.01,0.05,0.3,100,0.011,0.720578261016
2026-04-09T13:00:57,133,contra,0,1,11.482555607,41.4772730388,29.9947174318,28.2922293752,74.615157806,11.8603350349,36.5316045693,38.3782203344,69.1268183815,0.00416093412787,0.0645053030988,0.00416093412787,1655,2173,2801,4837,0.640791123595,0.729403013658,0.807214559294,0.818210507761,0.729403013658,0.837714507616,0.910074400643,0.849603031717,0.762340050766,0.791464693226,0.531201824724,0.260262868502,12.5499134064,30.0000076294,0,0.178562178486,0,C:\Users\ipboy\Documents\GitHub\MouseSpatialGrid\LearningModels\Manual_Tuning\post_fit_reports\unit_133,C:\Users\ipboy\Documents\GitHub\MouseSpatialGrid\LearningModels\config\config.yaml,0.11,0.0033,C:\Users\ipboy\Documents\GitHub\MouseSpatialGrid\LearningModels\Manual_Tuning\BuildFile\generated_solve_file.py,0.04,0.02,0.01,0.05,0.3,100,0.011,0.930271824109
2026-04-09T13:03:15,133,contra,0,1,9.30191246633,41.4772730388,32.1753605725,28.2922293752,74.615157806,11.8603350349,36.5316045693,19.7879763128,78.3838784618,0.00387906446122,0.0622821359719,0.00387906446122,1805,2325,2729,3221,0.605788399203,0.702973380015,0.792607346023,0.870942459944,0.702973380015,0.838160759798,0.910074400643,0.851657640049,0.734445641551,0.791464693226,0.620539946864,0.170924746361,9.59699440002,30.0000076294,0,0.114121318346,0,C:\Users\ipboy\Documents\GitHub\MouseSpatialGrid\LearningModels\Manual_Tuning\post_fit_reports\unit_133,C:\Users\ipboy\Documents\GitHub\MouseSpatialGrid\LearningModels\config\config.yaml,0.11,0.0033,C:\Users\ipboy\Documents\GitHub\MouseSpatialGrid\LearningModels\Manual_Tuning\BuildFile\generated_solve_file.py,0.04,0.01,0.01,0.05,0.3,100,0.011,0.674105075779
2026-04-09T13:06:06,133,contra,0,1,4.36982793499,41.4772730388,37.1074451038,28.2922293752,74.615157806,11.8603350349,36.5316045693,24.2643287694,76.3096821909,0.00399315450341,0.0631914116269,0.00399315450341,1769,2295,3363,4625,0.608036475315,0.701622964228,0.736819164369,0.801600912574,0.701622964228,0.796938293826,0.910074400643,0.853390337884,0.733520455374,0.791464693226,0.579890303171,0.211574390055,10.9392299652,20.0000076294,0,0.173361386677,0,C:\Users\ipboy\Documents\GitHub\MouseSpatialGrid\LearningModels\Manual_Tuning\post_fit_reports\unit_133,C:\Users\ipboy\Documents\GitHub\MouseSpatialGrid\LearningModels\config\config.yaml,0.11,0.0033,C:\Users\ipboy\Documents\GitHub\MouseSpatialGrid\LearningModels\Manual_Tuning\BuildFile\generated_solve_file.py,0.04,0.015,0.01,0.05,0.3,100,0.011,0.987738424752
2026-04-09T13:07:17,133,contra,0,1,6.69552447531,41.4772730388,34.7817485635,28.2922293752,74.615157806,11.8603350349,36.5316045693,34.8689541758,73.3594751643,0.00410724477842,0.0640877896204,0.00410724477842,2061,2645,3775,5072,0.550254927087,0.658553374448,0.710618015194,0.789167749618,0.658553374448,0.778526165154,0.910074400643,0.82863478565,0.68845362412,0.791464693226,0.567739637841,0.223725055385,11.8116836548,40,0,0.154308534242,0,C:\Users\ipboy\Documents\GitHub\MouseSpatialGrid\LearningModels\Manual_Tuning\post_fit_reports\unit_133,C:\Users\ipboy\Documents\GitHub\MouseSpatialGrid\LearningModels\config\config.yaml,0.11,0.0033,C:\Users\ipboy\Documents\GitHub\MouseSpatialGrid\LearningModels\Manual_Tuning\BuildFile\generated_solve_file.py,0.04,0.017,0.01,0.05,0.3,100,0.011,0.970548878223
2026-04-09T13:08:37,133,contra,0,1,4.45892189018,41.4772730388,37.0183511486,28.2922293752,74.615157806,11.8603350349,36.5316045693,31.6884823505,71.7259623902,0.00401328830048,0.0633505193387,0.00401328830048,1725,2149,2775,3981,0.606105790115,0.71405722626,0.79138230946,0.845997390676,0.71405722626,0.832403310181,0.910074400643,0.852650197881,0.74700970103,0.791464693226,0.568615708092,0.222848985133,11.0063419342,35,0,0.139968315542,0,C:\Users\ipboy\Documents\GitHub\MouseSpatialGrid\LearningModels\Manual_Tuning\post_fit_reports\unit_133,C:\Users\ipboy\Documents\GitHub\MouseSpatialGrid\LearningModels\config\config.yaml,0.11,0.0033,C:\Users\ipboy\Documents\GitHub\MouseSpatialGrid\LearningModels\Manual_Tuning\BuildFile\generated_solve_file.py,0.04,0.0155,0.01,0.05,0.3,100,0.011,0.932475874078
2026-04-09T13:09:51,133,contra,0,1,9.59778954532,41.4772730388,31.8794834935,28.2922293752,74.615157806,11.8603350349,36.5316045693,22.2958463856,82.1092191347,0.00397637672722,0.0630585182765,0.00397637672722,2032,2436,3046,3976,0.58819057572,0.709579985746,0.789626484896,0.851907669208,0.709579985746,0.836217956916,0.910074400643,0.866616996577,0.740697451622,0.791464693226,0.622393702381,0.169070990844,10.6372280121,45,0,0.133292768344,0,C:\Users\ipboy\Documents\GitHub\MouseSpatialGrid\LearningModels\Manual_Tuning\post_fit_reports\unit_133,C:\Users\ipboy\Documents\GitHub\MouseSpatialGrid\LearningModels\config\config.yaml,0.11,0.0033,C:\Users\ipboy\Documents\GitHub\MouseSpatialGrid\LearningModels\Manual_Tuning\BuildFile\generated_solve_file.py,0.04,0.0152,0.01,0.05,0.3,100,0.011,0.698489166043
