[{"lhs":"On_V_k1","rhs":"( (On_E_L-On_V(n-1,:)) - On_R*On_g_ad(n-1,:).*(On_V(n-1,:)-On_E_k) - On_R*((((On_On_IC_g_postIC*(On_On_IC_input(k,:)*On_On_IC_netcon).*(On_V(n-1,:)-On_On_IC_E_exc))))) + On_R*On_Itonic.*On_Imask + On_R*On_noise.*randn(1,On_Npop) ) / On_tau"},{"lhs":"On_g_ad_k1","rhs":"-On_g_ad(n-1,:) / On_tau_ad"},{"lhs":"Off_V_k1","rhs":"( (Off_E_L-Off_V(n-1,:)) - Off_R*Off_g_ad(n-1,:).*(Off_V(n-1,:)-Off_E_k) - Off_R*((((Off_Off_IC_g_postIC*(Off_Off_IC_input(k,:)*Off_Off_IC_netcon).*(Off_V(n-1,:)-Off_Off_IC_E_exc))))) + Off_R*Off_Itonic.*Off_Imask + Off_R*Off_noise.*randn(1,Off_Npop) ) / Off_tau"},{"lhs":"Off_g_ad_k1","rhs":"-Off_g_ad(n-1,:) / Off_tau_ad"},{"lhs":"R1On_V_k1","rhs":"( (R1On_E_L-R1On_V(n-1,:)) - R1On_R*R1On_g_ad(n-1,:).*(R1On_V(n-1,:)-R1On_E_k) - R1On_R*((((R1On_On_PSC_gSYN.*(R1On_On_PSC_s(n-1,:)*R1On_On_PSC_netcon).*(R1On_V(n-1,:)-R1On_On_PSC_ESYN))))+((((R1On_S1OnOff_PSC_gSYN.*(R1On_S1OnOff_PSC_s(n-1,:)*R1On_S1OnOff_PSC_netcon).*(R1On_V(n-1,:)-R1On_S1OnOff_PSC_ESYN)))))) + R1On_R*R1On_Itonic.*R1On_Imask + R1On_R*R1On_noise.*randn(1,R1On_Npop) ) / R1On_tau"},{"lhs":"R1On_g_ad_k1","rhs":"-R1On_g_ad(n-1,:) / R1On_tau_ad"},{"lhs":"R1Off_V_k1","rhs":"( (R1Off_E_L-R1Off_V(n-1,:)) - R1Off_R*R1Off_g_ad(n-1,:).*(R1Off_V(n-1,:)-R1Off_E_k) - R1Off_R*((((R1Off_S1OnOff_PSC_gSYN.*(R1Off_S1OnOff_PSC_s(n-1,:)*R1Off_S1OnOff_PSC_netcon).*(R1Off_V(n-1,:)-R1Off_S1OnOff_PSC_ESYN))))+((((R1Off_Off_PSC_gSYN.*(R1Off_Off_PSC_s(n-1,:)*R1Off_Off_PSC_netcon).*(R1Off_V(n-1,:)-R1Off_Off_PSC_ESYN)))))) + R1Off_R*R1Off_Itonic.*R1Off_Imask + R1Off_R*R1Off_noise.*randn(1,R1Off_Npop) ) / R1Off_tau"},{"lhs":"R1Off_g_ad_k1","rhs":"-R1Off_g_ad(n-1,:) / R1Off_tau_ad"},{"lhs":"S1OnOff_V_k1","rhs":"( (S1OnOff_E_L-S1OnOff_V(n-1,:)) - S1OnOff_R*S1OnOff_g_ad(n-1,:).*(S1OnOff_V(n-1,:)-S1OnOff_E_k) - S1OnOff_R*((((S1OnOff_On_PSC_gSYN.*(S1OnOff_On_PSC_s(n-1,:)*S1OnOff_On_PSC_netcon).*(S1OnOff_V(n-1,:)-S1OnOff_On_PSC_ESYN))))+((((S1OnOff_Off_PSC_gSYN.*(S1OnOff_Off_PSC_s(n-1,:)*S1OnOff_Off_PSC_netcon).*(S1OnOff_V(n-1,:)-S1OnOff_Off_PSC_ESYN)))))) + S1OnOff_R*S1OnOff_Itonic.*S1OnOff_Imask + S1OnOff_R*S1OnOff_noise.*randn(1,S1OnOff_Npop) ) / S1OnOff_tau"},{"lhs":"S1OnOff_g_ad_k1","rhs":"-S1OnOff_g_ad(n-1,:) / S1OnOff_tau_ad"},{"lhs":"R2On_V_k1","rhs":"( (R2On_E_L-R2On_V(n-1,:)) - R2On_R*R2On_g_ad(n-1,:).*(R2On_V(n-1,:)-R2On_E_k) - R2On_R*((((R2On_R1On_PSC_gSYN.*(R2On_R1On_PSC_s(n-1,:)*R2On_R1On_PSC_netcon).*(R2On_V(n-1,:)-R2On_R1On_PSC_ESYN))))+((((R2On_S2OnOff_PSC_gSYN.*(R2On_S2OnOff_PSC_s(n-1,:)*R2On_S2OnOff_PSC_netcon).*(R2On_V(n-1,:)-R2On_S2OnOff_PSC_ESYN))))+((((R2On_R2On_iNoise_V3_nSYN.*(R2On_R2On_iNoise_V3_sn(n-1,:)*R2On_R2On_iNoise_V3_netcon).*(R2On_V(n-1,:)-R2On_R2On_iNoise_V3_E_exc))))))) + R2On_R*R2On_Itonic.*R2On_Imask + R2On_R*R2On_noise.*randn(1,R2On_Npop) ) / R2On_tau"},{"lhs":"R2On_g_ad_k1","rhs":"-R2On_g_ad(n-1,:) / R2On_tau_ad"},{"lhs":"R2Off_V_k1","rhs":"( (R2Off_E_L-R2Off_V(n-1,:)) - R2Off_R*R2Off_g_ad(n-1,:).*(R2Off_V(n-1,:)-R2Off_E_k) - R2Off_R*((((R2Off_S2OnOff_PSC_gSYN.*(R2Off_S2OnOff_PSC_s(n-1,:)*R2Off_S2OnOff_PSC_netcon).*(R2Off_V(n-1,:)-R2Off_S2OnOff_PSC_ESYN))))+((((R2Off_R1Off_PSC_gSYN.*(R2Off_R1Off_PSC_s(n-1,:)*R2Off_R1Off_PSC_netcon).*(R2Off_V(n-1,:)-R2Off_R1Off_PSC_ESYN)))))) + R2Off_R*R2Off_Itonic.*R2Off_Imask + R2Off_R*R2Off_noise.*randn(1,R2Off_Npop) ) / R2Off_tau"},{"lhs":"R2Off_g_ad_k1","rhs":"-R2Off_g_ad(n-1,:) / R2Off_tau_ad"},{"lhs":"S2OnOff_V_k1","rhs":"( (S2OnOff_E_L-S2OnOff_V(n-1,:)) - S2OnOff_R*S2OnOff_g_ad(n-1,:).*(S2OnOff_V(n-1,:)-S2OnOff_E_k) - S2OnOff_R*((((S2OnOff_R1On_PSC_gSYN.*(S2OnOff_R1On_PSC_s(n-1,:)*S2OnOff_R1On_PSC_netcon).*(S2OnOff_V(n-1,:)-S2OnOff_R1On_PSC_ESYN))))+((((S2OnOff_R1Off_PSC_gSYN.*(S2OnOff_R1Off_PSC_s(n-1,:)*S2OnOff_R1Off_PSC_netcon).*(S2OnOff_V(n-1,:)-S2OnOff_R1Off_PSC_ESYN)))))) + S2OnOff_R*S2OnOff_Itonic.*S2OnOff_Imask + S2OnOff_R*S2OnOff_noise.*randn(1,S2OnOff_Npop) ) / S2OnOff_tau"},{"lhs":"S2OnOff_g_ad_k1","rhs":"-S2OnOff_g_ad(n-1,:) / S2OnOff_tau_ad"},{"lhs":"R1On_On_PSC_s_k1","rhs":"( R1On_On_PSC_scale * R1On_On_PSC_x(n-1,:) - R1On_On_PSC_s(n-1,:) )/R1On_On_PSC_tauR"},{"lhs":"R1On_On_PSC_x_k1","rhs":"-R1On_On_PSC_x(n-1,:)/R1On_On_PSC_tauD"},{"lhs":"R1On_On_PSC_F_k1","rhs":"(1 - R1On_On_PSC_F(n-1,:))/R1On_On_PSC_tauF"},{"lhs":"R1On_On_PSC_P_k1","rhs":"(1 - R1On_On_PSC_P(n-1,:))/R1On_On_PSC_tauP"},{"lhs":"R1On_On_PSC_q_k1","rhs":"0"},{"lhs":"S1OnOff_On_PSC_s_k1","rhs":"( S1OnOff_On_PSC_scale * S1OnOff_On_PSC_x(n-1,:) - S1OnOff_On_PSC_s(n-1,:) )/S1OnOff_On_PSC_tauR"},{"lhs":"S1OnOff_On_PSC_x_k1","rhs":"-S1OnOff_On_PSC_x(n-1,:)/S1OnOff_On_PSC_tauD"},{"lhs":"S1OnOff_On_PSC_F_k1","rhs":"(1 - S1OnOff_On_PSC_F(n-1,:))/S1OnOff_On_PSC_tauF"},{"lhs":"S1OnOff_On_PSC_P_k1","rhs":"(1 - S1OnOff_On_PSC_P(n-1,:))/S1OnOff_On_PSC_tauP"},{"lhs":"S1OnOff_On_PSC_q_k1","rhs":"0"},{"lhs":"R1On_S1OnOff_PSC_s_k1","rhs":"( R1On_S1OnOff_PSC_scale * R1On_S1OnOff_PSC_x(n-1,:) - R1On_S1OnOff_PSC_s(n-1,:) )/R1On_S1OnOff_PSC_tauR"},{"lhs":"R1On_S1OnOff_PSC_x_k1","rhs":"-R1On_S1OnOff_PSC_x(n-1,:)/R1On_S1OnOff_PSC_tauD"},{"lhs":"R1On_S1OnOff_PSC_F_k1","rhs":"(1 - R1On_S1OnOff_PSC_F(n-1,:))/R1On_S1OnOff_PSC_tauF"},{"lhs":"R1On_S1OnOff_PSC_P_k1","rhs":"(1 - R1On_S1OnOff_PSC_P(n-1,:))/R1On_S1OnOff_PSC_tauP"},{"lhs":"R1On_S1OnOff_PSC_q_k1","rhs":"0"},{"lhs":"R1Off_S1OnOff_PSC_s_k1","rhs":"( R1Off_S1OnOff_PSC_scale * R1Off_S1OnOff_PSC_x(n-1,:) - R1Off_S1OnOff_PSC_s(n-1,:) )/R1Off_S1OnOff_PSC_tauR"},{"lhs":"R1Off_S1OnOff_PSC_x_k1","rhs":"-R1Off_S1OnOff_PSC_x(n-1,:)/R1Off_S1OnOff_PSC_tauD"},{"lhs":"R1Off_S1OnOff_PSC_F_k1","rhs":"(1 - R1Off_S1OnOff_PSC_F(n-1,:))/R1Off_S1OnOff_PSC_tauF"},{"lhs":"R1Off_S1OnOff_PSC_P_k1","rhs":"(1 - R1Off_S1OnOff_PSC_P(n-1,:))/R1Off_S1OnOff_PSC_tauP"},{"lhs":"R1Off_S1OnOff_PSC_q_k1","rhs":"0"},{"lhs":"R1Off_Off_PSC_s_k1","rhs":"( R1Off_Off_PSC_scale * R1Off_Off_PSC_x(n-1,:) - R1Off_Off_PSC_s(n-1,:) )/R1Off_Off_PSC_tauR"},{"lhs":"R1Off_Off_PSC_x_k1","rhs":"-R1Off_Off_PSC_x(n-1,:)/R1Off_Off_PSC_tauD"},{"lhs":"R1Off_Off_PSC_F_k1","rhs":"(1 - R1Off_Off_PSC_F(n-1,:))/R1Off_Off_PSC_tauF"},{"lhs":"R1Off_Off_PSC_P_k1","rhs":"(1 - R1Off_Off_PSC_P(n-1,:))/R1Off_Off_PSC_tauP"},{"lhs":"R1Off_Off_PSC_q_k1","rhs":"0"},{"lhs":"S1OnOff_Off_PSC_s_k1","rhs":"( S1OnOff_Off_PSC_scale * S1OnOff_Off_PSC_x(n-1,:) - S1OnOff_Off_PSC_s(n-1,:) )/S1OnOff_Off_PSC_tauR"},{"lhs":"S1OnOff_Off_PSC_x_k1","rhs":"-S1OnOff_Off_PSC_x(n-1,:)/S1OnOff_Off_PSC_tauD"},{"lhs":"S1OnOff_Off_PSC_F_k1","rhs":"(1 - S1OnOff_Off_PSC_F(n-1,:))/S1OnOff_Off_PSC_tauF"},{"lhs":"S1OnOff_Off_PSC_P_k1","rhs":"(1 - S1OnOff_Off_PSC_P(n-1,:))/S1OnOff_Off_PSC_tauP"},{"lhs":"S1OnOff_Off_PSC_q_k1","rhs":"0"},{"lhs":"R2On_R1On_PSC_s_k1","rhs":"( R2On_R1On_PSC_scale * R2On_R1On_PSC_x(n-1,:) - R2On_R1On_PSC_s(n-1,:) )/R2On_R1On_PSC_tauR"},{"lhs":"R2On_R1On_PSC_x_k1","rhs":"-R2On_R1On_PSC_x(n-1,:)/R2On_R1On_PSC_tauD"},{"lhs":"R2On_R1On_PSC_F_k1","rhs":"(1 - R2On_R1On_PSC_F(n-1,:))/R2On_R1On_PSC_tauF"},{"lhs":"R2On_R1On_PSC_P_k1","rhs":"(1 - R2On_R1On_PSC_P(n-1,:))/R2On_R1On_PSC_tauP"},{"lhs":"R2On_R1On_PSC_q_k1","rhs":"0"},{"lhs":"S2OnOff_R1On_PSC_s_k1","rhs":"( S2OnOff_R1On_PSC_scale * S2OnOff_R1On_PSC_x(n-1,:) - S2OnOff_R1On_PSC_s(n-1,:) )/S2OnOff_R1On_PSC_tauR"},{"lhs":"S2OnOff_R1On_PSC_x_k1","rhs":"-S2OnOff_R1On_PSC_x(n-1,:)/S2OnOff_R1On_PSC_tauD"},{"lhs":"S2OnOff_R1On_PSC_F_k1","rhs":"(1 - S2OnOff_R1On_PSC_F(n-1,:))/S2OnOff_R1On_PSC_tauF"},{"lhs":"S2OnOff_R1On_PSC_P_k1","rhs":"(1 - S2OnOff_R1On_PSC_P(n-1,:))/S2OnOff_R1On_PSC_tauP"},{"lhs":"S2OnOff_R1On_PSC_q_k1","rhs":"0"},{"lhs":"R2On_S2OnOff_PSC_s_k1","rhs":"( R2On_S2OnOff_PSC_scale * R2On_S2OnOff_PSC_x(n-1,:) - R2On_S2OnOff_PSC_s(n-1,:) )/R2On_S2OnOff_PSC_tauR"},{"lhs":"R2On_S2OnOff_PSC_x_k1","rhs":"-R2On_S2OnOff_PSC_x(n-1,:)/R2On_S2OnOff_PSC_tauD"},{"lhs":"R2On_S2OnOff_PSC_F_k1","rhs":"(1 - R2On_S2OnOff_PSC_F(n-1,:))/R2On_S2OnOff_PSC_tauF"},{"lhs":"R2On_S2OnOff_PSC_P_k1","rhs":"(1 - R2On_S2OnOff_PSC_P(n-1,:))/R2On_S2OnOff_PSC_tauP"},{"lhs":"R2On_S2OnOff_PSC_q_k1","rhs":"0"},{"lhs":"R2Off_S2OnOff_PSC_s_k1","rhs":"( R2Off_S2OnOff_PSC_scale * R2Off_S2OnOff_PSC_x(n-1,:) - R2Off_S2OnOff_PSC_s(n-1,:) )/R2Off_S2OnOff_PSC_tauR"},{"lhs":"R2Off_S2OnOff_PSC_x_k1","rhs":"-R2Off_S2OnOff_PSC_x(n-1,:)/R2Off_S2OnOff_PSC_tauD"},{"lhs":"R2Off_S2OnOff_PSC_F_k1","rhs":"(1 - R2Off_S2OnOff_PSC_F(n-1,:))/R2Off_S2OnOff_PSC_tauF"},{"lhs":"R2Off_S2OnOff_PSC_P_k1","rhs":"(1 - R2Off_S2OnOff_PSC_P(n-1,:))/R2Off_S2OnOff_PSC_tauP"},{"lhs":"R2Off_S2OnOff_PSC_q_k1","rhs":"0"},{"lhs":"R2Off_R1Off_PSC_s_k1","rhs":"( R2Off_R1Off_PSC_scale * R2Off_R1Off_PSC_x(n-1,:) - R2Off_R1Off_PSC_s(n-1,:) )/R2Off_R1Off_PSC_tauR"},{"lhs":"R2Off_R1Off_PSC_x_k1","rhs":"-R2Off_R1Off_PSC_x(n-1,:)/R2Off_R1Off_PSC_tauD"},{"lhs":"R2Off_R1Off_PSC_F_k1","rhs":"(1 - R2Off_R1Off_PSC_F(n-1,:))/R2Off_R1Off_PSC_tauF"},{"lhs":"R2Off_R1Off_PSC_P_k1","rhs":"(1 - R2Off_R1Off_PSC_P(n-1,:))/R2Off_R1Off_PSC_tauP"},{"lhs":"R2Off_R1Off_PSC_q_k1","rhs":"0"},{"lhs":"S2OnOff_R1Off_PSC_s_k1","rhs":"( S2OnOff_R1Off_PSC_scale * S2OnOff_R1Off_PSC_x(n-1,:) - S2OnOff_R1Off_PSC_s(n-1,:) )/S2OnOff_R1Off_PSC_tauR"},{"lhs":"S2OnOff_R1Off_PSC_x_k1","rhs":"-S2OnOff_R1Off_PSC_x(n-1,:)/S2OnOff_R1Off_PSC_tauD"},{"lhs":"S2OnOff_R1Off_PSC_F_k1","rhs":"(1 - S2OnOff_R1Off_PSC_F(n-1,:))/S2OnOff_R1Off_PSC_tauF"},{"lhs":"S2OnOff_R1Off_PSC_P_k1","rhs":"(1 - S2OnOff_R1Off_PSC_P(n-1,:))/S2OnOff_R1Off_PSC_tauP"},{"lhs":"S2OnOff_R1Off_PSC_q_k1","rhs":"0"},{"lhs":"R2On_R2On_iNoise_V3_sn_k1","rhs":"( R2On_R2On_iNoise_V3_scale * R2On_R2On_iNoise_V3_xn(n-1,:) - R2On_R2On_iNoise_V3_sn(n-1,:) )/R2On_R2On_iNoise_V3_tauR_N"},{"lhs":"R2On_R2On_iNoise_V3_xn_k1","rhs":"-R2On_R2On_iNoise_V3_xn(n-1,:)/R2On_R2On_iNoise_V3_tauD_N + R2On_R2On_iNoise_V3_token(k,:)/R2On_R2On_iNoise_V3_dt"}]