unit_id,param_1,param_2,param_3,param_4,param_5,param_6,param_7,param_8,best_batch,layer,umap_1,umap_2
1,0.02424031168139965,0.032937061630271006,0.011081851633946786,0.041366965700274184,0.030461103905538297,0.004776637948119323,0.0,0.22024948129893882,15,L2/3,12.810497,0.05152018
2,0.04745816088695151,0.010892149851816227,0.008100166759298262,0.008317241185049446,0.0077856358502000535,0.007288373227916591,0.0011825018769853765,0.20906544816404415,9,L2/3,6.514093,2.4398103
3,0.006177752908517395,0.006338420890178401,0.007541080815027735,0.03717693622534001,0.0218629320075423,0.29746581628757807,0.23008978673559222,0.2709812927323319,9,L5/6,-3.4765675,1.8774134
4,0.01838343150195506,0.011331196941251516,0.002797943484764775,0.01550005667849372,0.003614897415238784,0.20051156400065942,0.0,0.15959683889994722,1,L5/6,0.007889966,0.45128626
5,0.01253331232733324,0.002480564920669104,0.00329397571633724,0.02457687153794589,0.05637473476893082,0.20478034930098601,0.13395701940611476,0.05182590857892544,7,L2/3,-1.8823233,4.775035
6,0.016865758504215532,0.007950147904390635,0.009181215988299258,0.012952556706536491,0.04442922835114227,0.0,0.29360207654010606,0.11417434049363408,14,L2/3,0.41633007,3.7921634
7,0.01587787861538319,0.008506353642521851,0.009042575437042084,0.046008766932619787,0.012192970918235957,0.25523319134146416,0.0742024194525721,0.09496994714804925,1,L4,-1.853247,0.24228127
8,0.027647528284362097,0.011681450982635155,0.00660637111246249,0.005035568277267107,0.010689895155680407,0.005847776214375403,0.18082184871396756,0.07310902442267275,9,L2/3,0.94506276,3.2040286
9,0.07989108595505556,0.010058901509595595,0.011860083329952613,0.02657776361852182,0.023696677441322395,0.098144478285889,0.0,0.2437314978695569,5,L2/3,6.465424,2.45832
10,0.1198173805813592,0.03379023105735509,0.0066949742074717015,2.9034401908204573e-05,0.013476210953936014,0.0,0.04613053143352291,0.07543013295338433,4,L2/3,12.661801,0.85253656
11,0.0005841619514111147,0.00010010642857144993,0.0017013760309320116,0.0,0.14652662115007722,0.17482535677810856,0.11922861500047349,0.17084441086805224,9,L2/3,-3.1295006,10.157119
12,0.03250401841654325,0.008727689251589902,0.010095571963402826,0.03610076039686662,0.05039094049773069,0.1321818389929672,0.050585541258840495,0.1463358932033324,9,L2/3,-1.4134202,1.0348444
13,0.00851994433960658,0.009019350155403071,0.012728713766518648,0.05383876046325102,0.03586302155773341,0.33553252428615615,0.22228982958809773,0.23552465635111958,14,L5/6,-3.4679973,1.913861
14,0.06420504277987225,0.026441616130974597,0.007082325691755201,0.00612307978142463,0.0026126852464028382,0.0,0.0,0.13257882066637003,13,L2/3,12.042336,0.5697128
15,0.07572248678092404,0.020442459056189674,0.009417646434718823,0.019416408798999044,0.004717430406127128,0.06151921957659805,0.0,0.35113699048202657,7,L2/3,8.877163,2.7795835
16,0.0001,0.003538187691464879,0.0005652777111428085,0.13030028717951891,0.03530779205181028,0.07881312305474193,0.0,0.21552048804781349,9,NaN,-0.32975522,1.1896585
17,0.02434196330657664,0.01125466994057585,0.008086098718710194,0.0,0.012428737438023285,0.00031533457142508055,0.34484093672190225,0.22548491921879685,7,NaN,0.80490726,4.1001167
18,0.00021807734766289482,0.006406813164090626,0.0,0.16342555410700088,0.13003229233584243,0.10791376810112799,0.11541436220835634,0.16801681885019834,11,L2/3,-4.1698804,9.084496
19,0.0735411979350908,0.020833337640090894,0.010649524559664903,0.025019789418218977,0.0106192579381111,0.12222133773121645,0.0,0.34309459501257417,9,L2/3,8.792567,2.8609455
20,0.0011751978435439261,0.0035707433763923885,0.0069454987040101016,0.14677930158348718,0.12448893337776427,0.2421692233567667,0.18387984340166127,0.040328215091058404,15,L5/6,-3.821946,9.60162
21,0.007428993750313835,0.007460000624970726,0.003885458289126125,0.0224592890788942,0.01910295170599466,0.22521809106498675,0.1574018296023341,0.13092876184891328,7,L4,-2.3125994,4.604272
22,0.00011694295676885317,0.0010552067052819372,0.0057042882465086625,0.03168924998839577,0.07387976949328516,0.09522982214618404,0.06549875902496849,0.1195745306900779,4,L5/6,-0.88710517,1.9306376
23,0.01410560443681498,0.00037232005634935496,0.003142105706361282,0.1508145758735557,0.1134219668910402,0.16376216462901289,0.1454098761683888,0.10261886691638833,3,L2/3,-3.8484356,9.563319
24,0.0002241407995216114,0.0017412975439102586,0.01784346507087328,0.08325105469298157,0.0011854690994831593,0.1389649968234242,0.1469784841430978,0.07530013734951578,11,L2/3,-4.9437656,3.1815274
25,0.01843194498201741,0.01610134697368086,0.009980010107851914,0.007772729635413212,0.00874353013542687,0.047167948698463386,0.2420375261238732,0.15947017796274368,9,L2/3,0.92441106,3.771869
26,0.05593362728957516,0.02712728830411237,0.011708996151259882,0.002941504842419295,0.0,0.09476497392460206,0.0,0.1890743688678523,3,L2/3,12.723318,0.28281534
27,0.06320751355470115,0.02554790188844185,0.003977265697166905,0.007274065644485348,0.0,3.798570845418446e-10,0.0,0.24404621416740183,2,L2/3,9.693426,2.094149
28,0.003339212799232022,0.012312337063658719,0.011529340500096906,0.022839674225902058,0.059084167526691676,0.09526479448492223,0.10578014632213478,0.16541533975658554,12,NaN,-0.752125,2.272545
29,0.015520367092768479,0.0027258725576890944,0.010784177748061365,0.03635252508123752,0.041607079192206894,0.20438042574239565,0.1414792009989796,0.21851858753663864,3,NaN,-3.3061674,2.1205723
30,0.008460499128035523,0.005607594271105433,0.008840212479587406,0.024646793114618197,0.0427677587904973,0.21153216087581142,0.25497578196349147,0.11515709640737137,3,NaN,-3.0454705,4.1670723
31,0.0018056804949259854,0.01502083191806184,0.00023352118370017865,0.03600722764084233,0.029181152145738885,0.15028656589749992,0.04937820389676689,0.2374538040162007,8,NaN,0.0069161598,0.7600587
32,0.03767479274849022,0.012115544438619851,0.012583219775509082,0.02203310594372724,0.025353358855236298,0.024307399474429774,0.17405865963521727,0.19984517208886995,14,NaN,0.9442028,3.7010956
33,0.030409342954231387,0.01602531577625109,0.00945685167504749,0.005322749112838114,0.006755352094140259,0.02422976195029685,0.25572537567212095,0.05695974780044078,3,L4,1.004388,3.3099854
34,0.0001,0.003768862985244503,0.0,0.13924217343342,0.10144171794786554,0.1545843472394548,0.172884800156889,0.23105345567054103,4,L2/3,-4.2455845,8.869609
35,0.04578235084895133,0.02316306864176025,0.008190353400719608,0.0005929105879280598,0.0,0.0,0.00021292798193426094,0.12066694929664805,1,L2/3,11.996618,0.29705146
36,0.01264264812941361,0.004841214701326191,0.004026757118473842,0.05690522098332865,0.0638532036162636,0.056233575012798305,0.14383292191619262,0.19838659423664703,3,L4,-0.5336769,1.8787637
37,0.0009456383359108159,0.016788888936073252,0.0005220714741076286,0.05269437342285721,0.054101637286653105,0.0646855011357327,0.032422136920683756,0.07672291107664407,2,L2/3,-0.5200388,1.5169771
38,0.004047529448013635,0.009030277513639006,0.0075696818782891445,0.0673116650430439,0.06567268906880308,0.17742286176655678,0.14246862387207818,0.15413404675091447,10,L2/3,-3.2898667,2.9337146
39,0.06610087371988946,0.024893541854048386,0.005864859550360032,0.009164982076286984,0.0,0.0,0.0,0.08579113144274303,14,L2/3,12.0072565,0.6415164
40,0.0026372731176608796,0.00939554223906066,0.011973767607106646,0.061935305694124004,0.10206090798939566,0.17781362300751932,0.1261667996264965,0.04666057344546119,15,L2/3,-1.3677382,2.4426906
41,0.013607617151847554,0.0037079655272876347,0.009552195232396445,0.02064631577368443,0.048722713733149965,0.01888844174300474,0.14308988185181074,0.08583042696943483,2,L2/3,-0.74227744,2.0844438
42,0.04815748514281475,0.022974659293708496,0.011682361731175716,0.022998009585555233,0.0037372247851080085,1.7919516793868894e-09,0.0,0.15936337599883407,14,L5/6,12.708732,0.1472622
43,0.11294015654396211,0.02688597952689222,0.026350827549793673,0.0,0.0,0.0,0.0,0.1702765932261319,7,NaN,12.650967,0.50122184
44,0.023153754013290194,0.01376040575393642,0.0034731579086094253,0.012841988240775027,0.0038420996378961026,0.41913292335067315,0.0,0.14042615214689558,15,L5/6,-2.7956643,0.15047695
45,0.011120131699413636,0.019254887222984195,0.011326459988462533,0.03050584771548303,0.016350163013921285,0.28509175598299596,0.0,0.28966599738759174,8,NaN,0.88739485,0.29702193
46,0.000101598041220324,0.002229385715291364,0.0008086303058838349,0.0015267157977325273,0.017314135920605704,0.09501441374204253,0.23035711943559148,0.2194153590005223,14,NaN,0.34068048,3.8834627
47,0.04247200067953063,0.021682585573366237,0.0024601724086035686,0.0070572684181270245,0.0,0.0035419821574117142,0.0,0.201702541983431,7,L5/6,9.782037,2.0086617
48,0.0008699684277578165,0.0001006647721399034,5.3136483998714006e-06,0.0220958199352026,0.1262836022841531,0.14258334040641785,0.1273336173431834,0.11022525682624883,4,L5/6,-3.196559,10.1208725
49,0.0001327797025732862,0.005080414256826135,0.0,0.170731097945215,0.1343341433459193,0.16945922400280652,0.0794085111527614,0.08173768248166681,14,L5/6,-4.015656,9.416899
50,0.012864919865255035,0.00010168258384277039,0.0,0.14541101887027977,0.1373589648452957,0.09869024723977815,0.04279234869803547,0.21787433666029626,14,L5/6,-4.3746424,8.595096
51,0.0001,0.007092729057806188,0.0,0.07342952181698231,0.05798645656510616,0.16116881638570357,0.1889978973816166,0.22185965441587746,13,L4,-2.7912042,3.0141187
52,0.010821481021617516,0.00903688971341559,0.008495168261170985,0.022595313260708533,0.02035993815493258,0.15900147125403655,0.37990355875854986,0.1285367288676536,7,L5/6,-2.7166264,4.5217013
53,0.007058416444890777,0.011161222703157838,0.006194340896092102,0.042902212493490216,0.047533359099395954,0.13612538303663724,0.24432435437348152,0.2134278078067532,2,L5/6,-2.5587108,3.3794522
54,0.0016643158744789046,0.004511170900429142,0.00499483388026561,0.1264194357512588,0.02391944424202491,0.16230571861283502,0.19766863317118724,0.0529490099858047,3,L4,-0.88843524,5.816201
55,0.008707046476952604,0.00010018482019171157,0.00031713814337667497,0.09093241599521677,0.13396982254327394,0.08280932094892539,0.21319223107956328,0.10475628335049601,15,L5/6,-3.4519343,9.952034
56,0.02505276140735076,0.020981696589161377,0.009003421774437685,0.016645735691054275,0.0039094222689613125,0.3019211811389746,0.16197473325878176,0.16750628350793284,6,L5/6,0.37089914,0.37316683
57,0.00010032625687376456,0.00010011554152472995,0.027718323018950275,0.1451091319322586,0.13777810335159302,0.057714544236660004,0.02580897882580757,0.05047910287976265,11,L2/3,-5.660071,3.1861684
58,0.040301272028115745,0.028085457102016185,0.008897973087783338,0.008996972791371651,0.028031901990546677,0.0,0.1865506054088579,0.12717535565299407,11,L2/3,1.2486517,3.8176243
59,0.005156610534419676,0.0001000251614479449,0.002986767694612668,0.13098607255554165,0.010365205740196804,0.15264902437793784,0.09289664091679538,0.046534054818902514,15,L5/6,-0.9177841,5.8115773
60,0.029805738231009463,0.011122302671750375,0.00886666990997376,0.025126068342630786,0.007389916564378433,0.21692907906963269,0.0,0.15172630460632763,14,L2/3,-0.15103142,0.27722627
61,0.009974188669461308,0.00424095873498721,0.005734804123180538,0.05487490264262807,0.005235787890952267,0.2995448535846213,0.00877376186424779,0.04753978369544732,12,L4,-1.9010842,0.11450166
62,0.002864594589373782,0.005791947436919067,0.00969520239857323,0.07417543511871495,0.11252847788813886,0.1287015015594137,0.14598813144230102,0.1921771242488479,7,L2/3,-3.6033282,2.5783617
63,0.061104070249586875,0.026602466587807534,0.0038506946046565934,0.006329361427155333,0.0028679066729860826,0.0,0.0,0.23659695181987134,8,L2/3,9.697504,2.0906029
64,0.009033686916768393,0.0037242634119405487,0.011033025760999465,0.029625344966802296,0.02489652865634384,0.003140586780426791,0.30511103676546153,0.1687529513559331,11,L4,0.43631417,3.6887095
65,0.0024817392987398273,0.011312988819078515,0.00398710899407427,0.03518940119501916,0.056915718995931494,0.00014088931844346726,0.16166121737265413,0.15177017272439317,14,L5/6,-0.5449338,1.925019
66,0.00045942520205898436,0.00010003471245327611,0.02481808305380243,0.13277271389961243,0.1638976945167942,0.1368195116519928,0.08097584037221896,0.14182038747827255,10,NaN,-5.6510434,3.1959689
67,0.0001,0.009625117448099678,4.170037832806725e-05,0.08991739531631891,0.02991627797690627,0.23189714777706819,0.013742372654928945,0.24278955050725634,2,L5/6,-0.11812788,0.88567024
68,0.023861557120666173,0.023859480085569502,0.003653434554027637,0.016601051275251157,0.00020401820683272113,0.16713505345265556,0.09940533594681687,0.21393672086805202,14,L5/6,0.3038683,0.25252604
69,0.05796681484573912,0.02188745713840274,0.0038440598041553312,0.001818807674798345,0.0001078893589785532,0.0,0.0002988658422244363,0.1740661385566478,9,L4,9.883765,1.9027177
70,0.006667240547028869,0.004456231116063605,0.01066278882560616,0.05011144036377877,0.0496711937720303,0.26047387910000736,0.014917688323957044,0.09685230376093154,4,L5/6,-1.8967865,0.101468265
71,0.00023109642859071925,0.0032524500059923234,0.0006958600306810729,0.13369319738020102,0.15582945063692724,0.10120737045722093,0.04814630138216014,0.06053121101301171,4,L4,-3.986937,9.448806
72,0.0005737794159837272,0.013090675900434742,0.010619583536849114,0.1060831557336136,0.08505210378155977,0.06816633950817104,0.06019495866666043,0.024298364708434977,2,NaN,-1.4630904,2.4907966
73,0.017763879724895078,0.0001192326736632923,0.007117772364093485,0.01633518644254128,0.0428005766050703,0.09014670377886526,0.010443210273876995,0.16070609745307302,2,NaN,-1.1325579,1.5656233
74,0.0035848418982153806,0.008788558562324179,0.009995416107605355,0.08067040985858581,0.04359590622378176,0.13100366995241897,0.017913503329648285,0.1743919039593589,2,NaN,-1.5767736,0.46219715
75,0.01939202151247639,0.002956324025357032,0.008454742873590725,0.05675032726062634,0.0589146404213774,0.1843312996858398,0.13950453250017375,0.1520704982284185,14,L5/6,-3.087745,3.034546
76,0.047579422802027836,0.026381043024630877,0.011304303500433809,0.044817054583299605,0.02404617818984363,0.0,0.0,0.16607403289041225,3,L5/6,12.777305,0.09533928
77,0.005552838587794854,0.010926367004550746,0.010280347723338232,0.01990151331100441,0.031209046813733654,0.4125706840810336,0.00015348637650677697,0.150033287450647,12,L4,-2.7202272,0.07841694
78,0.07165392873140075,0.022235326227464897,0.0019141686362260273,0.003253588700441584,0.0025640212183751627,0.0,0.0,0.05690464787374046,15,L4,12.042453,0.69341415
79,0.017441826981096052,0.022899248816933736,0.010623471422376561,0.02622826964405384,0.01235541082154833,0.010818072703861056,0.0,0.07841261600701697,13,L5/6,11.908956,0.17282976
80,0.0074538573947864045,0.00011413034293514226,0.0,0.12561017001928113,0.01376297976821661,0.08975106005081508,0.08931924402713776,0.06285977660240775,4,L5/6,-0.90245754,5.8259907
81,0.0014764952251038457,0.010883415261997277,0.011485905250765233,0.016560124706935124,0.030771342649119158,0.24260509925199597,0.17895467150355845,0.05426021115537661,2,L4,-3.194652,4.290664
82,0.0001000094043383966,0.004182506267243055,0.001905172841177521,0.10965198281413716,0.03182157231368748,0.20494995839422447,0.11271723825391547,0.04305164570568214,3,L2/3,-0.83534133,5.765444
83,0.02206662661921646,0.012775901392740582,0.008127419737310017,0.012895517996077943,0.012703995516827151,0.12818704160153138,0.1673325744312588,0.11474095072630881,8,L4,0.98257595,3.2011468
84,0.044865709626982914,0.02158420328796405,0.005654448218589084,0.018000508674746493,0.0,0.14364989528024477,0.02117617695557347,0.190347136051397,5,L5/6,0.32480428,0.023054041
85,0.07984785405206453,0.0068022448582513925,0.012922905418439021,0.041991572124991945,0.02702898029202051,0.14033534969232406,0.0004913450144788745,0.27362365354395307,2,L5/6,6.4306464,2.4433863
86,0.008813372963733974,0.0007773772544245689,0.002012321511409524,0.06234502151426017,0.15722343487396107,0.14406029261358783,0.21402841427616776,0.10641594430177266,10,L4,-3.4370832,9.963953
87,0.0001000000087400308,0.00010000000352394281,0.0,0.17805391277239918,0.12876439094543457,0.10348440979788599,0.18685492873191833,0.19943575595571428,4,NaN,-4.3101015,8.867121
88,0.0016907194590648207,0.014340214583505541,0.01111120452600515,0.07009418204912178,0.04451143360678902,0.24294399527333668,0.00336599310288035,0.0882570822865771,11,NaN,-2.0161963,0.17714562
89,0.01712060453553834,0.018299568036831842,0.005962620997280401,0.0009491571329055539,0.013351767914742194,0.0,0.3286863963685954,0.23739957393569253,3,NaN,0.9321337,4.1508827
90,0.0037234643182803683,0.014539229972986342,0.004842853102171602,0.03195375114417347,0.05218798580874019,0.03100913626277283,0.1350411161298164,0.2157529481972869,13,L5/6,-0.4243526,1.904856
91,0.04458881321315506,0.02548930836069841,0.011600304682341689,0.008530732461027632,0.0006898825734824713,0.0,0.0,0.08022216453442511,4,L5/6,11.784688,0.25580108
92,0.015483883202306748,0.00021692381427366938,0.0006279343239565479,0.0674404683109316,0.13054556455400432,0.08713172111124566,0.13002117639354865,0.12860929223113401,15,L5/6,-3.3412254,10.041149
93,0.01779165956916498,0.000985189157769416,0.007712208201714523,0.09258927674991342,0.006178347777008345,0.15765339538319187,0.10228135988925464,0.11195323227586305,6,L4,-1.8661451,4.9622884
94,0.13613579171088183,0.0302429385507298,0.007233030067736593,0.0,0.0,0.0,0.0,0.10486651671597025,6,NaN,12.556893,0.9055799
95,0.022323523647869107,0.002681779747534743,0.005255815589024657,0.024752981644023186,0.011488357011727532,0.07804206090520567,0.1838249935505766,0.035495624711780985,13,L2/3,-1.6909394,4.645212
96,0.015022071314540876,0.004073310194911246,0.007514956992029423,0.05860840750634719,0.030562352840521705,0.1418431599761374,0.14284437566871253,0.161045251761766,5,L5/6,-3.065272,2.8631368
97,0.04254230083040501,0.02444474140765271,0.012536591821765811,0.02421771962373348,0.006281457123538897,0.0,0.1578333613440737,0.12251121925576337,15,L5/6,1.2797238,3.7962313
98,0.0001,0.011310944057411808,0.01090844471073071,0.07008497574337709,0.03936026334153694,0.19098242987462372,0.18145560217010698,0.1766988042902744,1,L4,-3.8450189,2.7442434
99,0.0319699731796287,0.0016446571149454797,0.0067856811542544235,0.06592684320719067,0.021254603281330123,0.0020548900312523572,0.2868569059764686,0.24158867986342986,5,L4,-0.23294605,3.3002102
100,0.00010000020804713759,0.0018189591064143877,0.01411471355017471,0.05229723688148408,0.06820065994969816,0.09051501282296251,0.19640011718753791,0.312470590811931,2,L5/6,-3.417942,2.3282535
101,0.014693354446299071,0.006044521762745086,0.012271574203750663,0.028690870232082038,0.049794870801612295,0.33498128101376135,0.07738434855567314,0.05252944049526452,9,L5/6,-1.8207037,0.06414469
102,0.018467679097800827,0.004936814505820597,0.010776248133701977,0.03999626246819492,0.08527644169746716,0.25292605121656114,0.24421513763773983,0.14509837147040555,9,L5/6,-2.9926887,3.7911222
103,0.06768949173130866,0.025063144745536805,0.009804509785029359,0.003509162769242378,0.004693197654235097,0.0,0.01483892509404984,0.16208005160799813,15,L4,12.542603,0.4069563
104,0.042511420962891504,0.024033140468688482,0.003356063802021012,0.004949432794146872,0.0,0.0,0.0021061090909637406,0.2535987282157683,1,L5/6,9.714929,2.075885
105,0.0001,0.014202739879470473,0.003938300938076964,0.15697602726919485,0.1340110101210249,0.06573559830189706,0.16461308030446828,0.14028383929173477,15,NaN,-4.097102,9.242626
106,0.03311491080029011,0.017466985218974454,0.011259089590803607,0.011360285137897429,0.034307473017196104,0.0,0.20402492206273992,0.14311670882794353,15,NaN,1.1425614,3.7830696
107,0.007084587975033424,0.006340951175010427,0.006757749872234487,0.048506843650778605,0.053286076392408885,0.2103187929166172,0.20310384406671914,0.14719907273591806,9,NaN,-2.9946733,3.494542
108,0.010240116857341377,0.00024660339322914887,0.0,0.1266237305439376,0.13854378397113168,0.15640938977603025,0.03247159694676701,0.23777210013656216,7,L5/6,-4.374632,8.58812
109,0.0183570924859011,0.0023530966716412117,0.0017490627166894745,0.050199889021661295,0.05728405500416577,0.1704282086702825,0.1522355758267985,0.033992076085146546,3,L4,-1.8034484,4.842859
110,0.03079412441148763,0.013526279905182235,0.005175679333592344,0.004358005627261396,0.012040367016844642,0.0,0.14307666409342737,0.10246114756651131,14,L5/6,0.9508884,3.065174
111,0.03887333438085819,0.026628111343950267,0.0029789880393684635,0.00527486541218499,0.0,0.0,0.0,0.26818213842903543,9,L4,9.727207,2.0650582
112,0.00010161016390307857,0.010964880115184483,0.00016299612443320923,0.07591975435814306,0.0,0.5186498082102008,0.0,0.1088662615044298,12,L5/6,-2.8708713,0.18552053
113,0.01020802845747244,0.0001,0.0005350369665765228,0.10924674670911638,0.13022572225682186,0.15811769581497645,0.17239096908359197,0.10025579169539764,3,L4,-3.5793214,9.823454
114,0.006215529929238094,0.003660975267121893,0.010944810414372291,0.0968593432461212,0.05446592437740461,0.13036607307490491,0.20970841219550854,0.1862405846157002,6,L5/6,-3.8677807,2.6495163
115,0.012628466475941173,0.0001,0.010645373982532774,0.013871257498274676,0.0,0.2447916490377321,0.21046015068866222,0.08462117426806634,11,L5/6,-3.434676,4.472193
116,0.005616045070117518,0.011386691405469577,0.01282057463128214,0.05472809435346039,0.05484763328665433,0.34464555637556693,0.0,0.13200688033761726,15,L5/6,-2.6180112,0.094863825
117,0.06066309529555927,0.024788615371068953,0.010470892789031376,0.0,0.0,0.0,0.0,0.07250143806225248,1,L5/6,11.843825,0.29424402
118,0.029247123084081218,0.0024891376133913913,0.01089961204483195,0.044452053443586485,0.020080997567162022,0.1891745195095273,0.06718255039378482,0.22029277951846213,12,L2/3,-1.6937217,0.82025063
119,0.01620293579132687,0.0033638714514032868,0.010820788344493936,0.050368329159741175,0.06894194938391535,0.2582638704910245,0.11879624569690082,0.21801122847443635,10,L5/6,-3.4328542,2.1032667
120,0.002931486842663317,0.010219108986693839,0.010713542920380155,0.030681499440781655,0.04761793705039607,0.20829292013526443,0.13187226262401602,0.13423427493574616,5,L4,-3.1921062,3.6714962
121,0.025711552738832667,0.002298079755503515,0.0059547736778340875,0.05270826141761605,0.04070077650375119,0.16368822046333573,0.38156184119239567,0.049079210925486984,13,L5/6,-2.6983836,4.5380745
122,0.0001,0.01171040269061663,0.0026717333358130253,0.07993913242451361,0.03990243887352894,0.11497345341653582,0.07918043449375559,0.17900752560208122,2,L5/6,-0.37074417,1.2278051
123,0.0013079400199680323,0.007138125433441408,0.00854291538999831,0.06992100844429827,0.049543161161168775,0.1408700257052092,0.20650467610849682,0.10760518047576854,13,L5/6,-3.1491835,3.4677222
124,0.005507985581241564,0.0074722262593517556,0.008107102464569534,0.03706819742693962,0.07048113828009075,0.0,0.07114809141890893,0.1336595038920901,14,L4,-0.82256854,2.008619
125,0.0013566330871584687,0.012152123563252066,0.00830077640568534,0.025012515118016578,0.10208541860358776,0.13089435204734484,0.0851309597146466,0.12295330195960896,10,L2/3,-0.96750635,2.295468
126,0.05034826569173337,0.027542347636445138,0.008487491187720202,0.009972043704408092,0.0006618887749498992,0.0,0.01418156458460991,0.08870873140644925,9,L2/3,11.879543,0.26166236
127,0.011051967147302236,0.018958612583417293,0.010562497484909068,0.0256884133661383,0.0,0.3020265024028289,0.0,0.2120985776237554,13,L5/6,0.8637198,0.29331225
128,0.005151296703172585,0.013310283373819844,0.007478913259797803,0.016455438815322,0.04513786885950621,0.428911918450827,0.1659458652764416,0.1393274073724407,6,L2/3,-2.847593,0.39193225
129,0.0069157987589605055,0.00625976784440948,0.00796916927458545,0.02385246949366481,0.016713994667545005,0.2815428449541508,0.18686164955157805,0.1291798425703484,13,L4,-3.1804736,4.335081
130,0.0018595360099211721,0.0001,0.0,0.1025643847641455,0.07362932930528909,0.1567153963280747,0.19122697008999462,0.10909394498752802,9,L2/3,-2.7353487,3.0516713
131,0.14168891146530727,0.04,0.00022205791103291505,0.0,0.0014493495919583091,7.660608481627816e-11,0.0,0.19962914840117071,13,L2/3,12.570508,0.88818055
132,0.06574536119749487,0.020185231254965883,0.01323417119497105,0.024436733788958664,0.0021784852889171723,0.10836155468059469,0.0,0.3428581118855462,4,L2/3,8.831186,2.8223333
133,0.010185091986288572,0.02186192436993288,0.011640867072143195,0.01418322340041553,0.03730941166309241,0.17523278255174188,0.0018555323286380512,0.09536752761354642,2,L4,-0.0015356935,-0.15122436
134,0.003658693446419169,0.0006477977420444793,0.0004395162948068632,0.032770231443076385,0.0,0.18450892503349572,0.09529567981796981,0.093547906631622,7,L2/3,-1.923282,4.7455673
135,0.016510860433536757,0.0017268266160597467,0.003471071817319857,0.08121888898367771,0.051051869470034004,0.1763138490668023,0.14544479530570645,0.16183047577168871,6,L5/6,-2.879309,2.9827936
136,0.02240703733250297,0.010253056118056564,0.004328724275711268,0.014657955210555289,0.018249143812350852,0.1691966912113562,0.0613112650824653,0.20833510027889768,9,L2/3,0.11950461,0.6110408
137,0.0040617091038073075,0.00904990504087815,0.004683259875604733,0.06129924172994939,0.05095539963214133,0.1863122823133444,0.0982490128659345,0.180629264546923,3,L4,-3.0269406,2.7028096
138,0.0066253124067611946,0.0001,0.026848654512268755,0.10619319702495149,0.04839600360501185,0.09680274401573888,0.09455944124562343,0.06386526941904415,9,L5/6,-5.640691,3.185781
139,0.03613250338392866,0.027878137441237683,0.010118907521274497,0.007454828379777463,0.026575877147302668,0.0,0.0,0.1592504390018247,3,L2/3,12.768289,0.0640575
140,0.012745263250058422,0.003253604354295902,0.004312065448582104,0.04726165682425292,0.016109996368850882,0.1741342632311597,0.12919408739214674,0.08656172950293681,1,L2/3,-1.9148304,4.743035
141,0.005844355971718786,0.007240180464240378,0.007730523863444095,0.05565837462880241,6.961955316653087e-07,0.279784667846894,0.07032947466089097,0.17502748666216866,7,L4,-1.4454665,0.36592385
142,0.01622365310306031,0.008801752110291515,0.005582330361810113,0.0263845374331172,0.015173222182892566,0.40430036596888264,0.11089516081590921,0.20317183285328277,13,L2/3,-2.8100805,0.3202203
143,0.03258939746139249,0.015283335929544664,0.004924645864438356,0.00976542017940216,0.0,0.1020982064294933,0.0009584537547196934,0.1304965732472788,12,L5/6,0.12493724,0.11854247
144,0.13853775007867955,0.03690145771013635,0.01554864470251302,0.0,0.0,0.0,0.0,0.06026980853167116,14,L2/3,12.653701,0.7858459
145,0.00010044636835945441,0.0024547718832978443,0.016715882756584238,0.0,0.15847768180656308,0.06332210573950656,0.07503438295883104,0.04379741573364875,14,L5/6,-2.9797087,10.016514
146,0.017815513117551394,0.0001,0.013442250559080547,0.038899891785619534,0.00044643260354544054,0.27527588191062713,0.1371598300113219,0.10289274494668488,14,L5/6,-3.4408684,4.4613695
147,0.00010005170970226069,0.004938154050961506,0.003656316732474782,0.16640718621182818,0.09501626814500808,0.045848141743818994,0.022585635378815496,0.1044280681441381,6,NaN,-4.073359,9.384079
148,0.0015154221082834024,0.0063739333962822544,0.007279740624469695,0.11154963228857162,0.09919666616215624,0.22879235367884262,0.059718050893592514,0.2042921166017064,15,L5/6,-4.34087,8.542618
149,0.0037312927468590314,0.009090845709455241,0.010511547459984907,0.05378024455157392,0.017450055115892184,0.14220233352086223,0.2528975575882469,0.0965200086953325,7,L5/6,-3.1219656,4.0266027
150,0.03351133706852812,0.027356378885656073,0.009473471764776272,0.010098499772395844,0.034100380955790696,0.0,0.2912214037476479,0.23437197686067876,7,L4,1.122392,3.9613528
151,0.00041017717203822255,0.00010017427757373698,0.026917231782613377,0.07501772791147232,0.045515041798353195,0.1169247180223465,0.08390343934297562,0.18771186470985413,8,L5/6,-5.6713443,3.1651993
152,0.002728953876107008,0.00010030364414125946,0.0009114131295697183,0.030171887779459842,0.1683726324295227,0.060432648748703646,0.06178590147192096,0.16273205818511516,8,L5/6,-3.1518662,10.151137
153,0.005827317378812131,0.00010171870518406548,0.020496612889464035,0.06363401561975479,0.06883720047936916,0.06891415268182755,0.07003376531446238,0.11299683281019736,14,L2/3,-5.6408725,3.2034457
154,0.04889978687755424,0.024952245155331645,0.011620651590210652,0.012343538967590188,0.003720617466907587,0.0,0.0,0.16762150399441422,1,L2/3,12.681548,0.20018579
155,0.0003541546070989823,0.007550466648203152,0.016646868791419606,0.06234854972352195,0.0,0.20156615925605353,0.17593137244022192,0.20797461302555664,3,L2/3,-4.1044145,2.8014076
156,0.008816038869038487,0.0008229573766230316,0.018431189532129296,0.0,0.09810075148932149,0.12122506640414685,0.1747536604377357,0.17936341139610856,1,L2/3,-0.7326078,2.8231883
157,0.01833035495365939,0.006572229280275206,0.004339820351489961,0.008286874409692972,0.04101670835628092,0.015576338014917774,0.25414981284813665,0.1551568751945327,12,L4,0.3693572,3.837121
158,0.00559482618086839,0.003062626111625573,0.011219526944858099,0.07500164618887503,0.04214021525595388,0.1590692345480475,0.15782491262308687,0.20336754928638096,2,L2/3,-3.805489,2.5869694
159,0.017564173124207293,0.0001,0.025268335477081023,0.12350132159682467,0.007469258736819029,0.2531726825367125,0.10588381439447403,0.05322357983592761,4,NaN,-5.2477493,3.1521344
160,0.0033080903231619027,0.003129751375806397,0.02029153266324438,0.009978149722163748,0.0022676260522590383,0.08328076154037667,0.16153531533351942,0.027108456485872744,2,NaN,-4.9597516,3.2339575
161,0.023718252284412933,0.00011698831945470294,0.03103926356816797,0.0,0.0,0.0,0.17414685458947077,0.19922470256007163,8,L4,-5.54297,3.2425106
162,0.00798373892861968,0.003659748985404587,0.0006899771077463632,0.061408537980771935,0.055463064076752985,0.2337522202191987,0.21382909182864876,0.16375938927817918,14,L4,-2.8238196,3.1330843
163,0.054261821694895115,0.023068273533631833,0.005527546174409673,0.019746520879157813,0.004179389935678047,0.0480188797180444,0.0,0.13358771535874586,10,L2/3,11.893384,0.6393135
164,0.00040104685610329184,0.0001,0.01795148785988517,0.11376976118597251,0.022576828548094292,0.1596842800071623,0.2080882184487873,0.1868016883612477,3,L4,-4.336192,2.8815603
165,0.08635660164578736,0.00947691082050648,0.01151020429170185,0.03983640631721489,0.03318099540536581,0.1677701820716232,0.0,0.26537471073744817,14,L2/3,6.4200306,2.4350991
166,0.0012159658263744503,0.00962002305012142,0.0013567986742518145,0.11799095082584728,0.05132330053671457,0.22149031010230522,0.21333022910688978,0.14066534381242898,7,L2/3,-2.7578914,3.0654473
167,0.00010260538260499379,0.004902025705108492,0.0006242947725244618,0.10112864997736043,0.1267095308987548,0.15840751205241935,0.068343405676977,0.1717787529217491,14,L5/6,-4.31835,8.643761
168,0.0004224625182229255,0.00010001092252366034,0.000589052076997782,0.10630127236477077,0.10925019160918065,0.1458027488338399,0.03880271413492023,0.21502787385674318,9,L5/6,-4.369175,8.576118
169,0.009196936204098177,0.0001,0.009917148926510844,0.02805212564990146,0.0474531352519989,0.2519750635359934,0.05626317113637924,0.12114287394259711,6,L2/3,-1.8251517,0.15825784
170,0.09660526358055282,0.028446359688207506,0.0070810714804452135,0.0019487994366550053,0.0007378506280648522,0.0003387111727067847,0.0,0.16218241278612663,1,L2/3,12.404578,0.75478905
171,0.06266965482213883,0.008157713122384183,0.012370301692179543,0.022036862304159768,0.015815639385719726,0.10598270592120587,0.0,0.2179559864309524,13,L2/3,6.4832487,2.4757547
172,0.01353637376509942,0.00010002158334557093,0.010990208903458391,0.07500188130418593,0.08127196506130438,0.2268320128934201,0.14700655944411767,0.24584024422732534,3,L4,-3.522445,2.2914076
173,0.08945858830461811,0.022052306183665542,0.007857960680214368,0.005128556431616444,0.0009029393854094953,0.0,0.0,0.31867966979126544,13,L2/3,8.959215,2.7017183
174,0.0077832850007636374,0.019184577297538728,0.006942150391473582,0.0393392257698281,0.03446528065612851,0.34477619951978483,0.0,0.12832664404436558,15,L2/3,-2.7416303,0.11555606
175,0.009264387128871199,0.005473365019357511,0.011136615872164338,0.04244640355990647,0.06761000767931177,0.21892300299402404,0.17336620763296456,0.16320120168068225,6,L2/3,-3.0510542,3.5496213
176,0.004830799670862698,0.005595882334450075,0.010996801621773022,0.0338556649426548,0.05887381289374832,0.3844855760932031,0.23892235832651776,0.09667668370327719,9,L2/3,-3.0078263,4.140413
177,0.008959729440203745,0.004706112305400837,0.00895165589260687,0.06754087841817115,0.06417516944274448,0.16272617711911555,0.13583015740891183,0.21412175199716732,3,L2/3,-3.56679,2.4854944
178,0.018832717436538686,0.011721007124371585,0.010840614658761346,0.0249959701377982,0.022198475157754912,0.10766988204212968,0.26797218799960476,0.24961183836669878,6,L5/6,0.8078516,4.1299715
179,0.016528431427777136,0.00018398224406126484,0.009815299111534736,0.17639261546995227,0.0,0.13142197813611045,0.16078545400632943,0.0563765650576112,7,L2/3,-1.022581,5.794091
180,0.09931197100619178,0.02423201559616489,0.006121853896235871,0.0,0.0,0.0,0.0,0.08968199234014089,15,L2/3,12.348071,0.86373997
181,0.001007088089069162,0.008631294653310943,0.01067447205616718,0.05957477729347444,0.017368230969265933,0.17116387424518384,0.026676507265077705,0.11332569569176881,8,L2/3,-1.7651516,0.30526876
182,0.0067219328598079105,0.007738824533750603,0.007894901543948505,0.029208877365816104,0.05350528877852556,0.050265107620201116,0.13784027259785553,0.14204693486453726,7,L5/6,-0.72138935,2.0780709
183,0.0205216743778965,0.002111868051115353,0.010384063137143752,0.04457169332028644,0.0250018146618094,0.07353490164649254,0.1510754440443293,0.22510831662158012,15,L4,-3.1874766,2.3773553
184,0.02267397389485635,0.002147307611926692,0.00969455058389093,0.03973226011478881,0.07467458597754664,0.231786751422788,0.22841432916228038,0.1298223506905139,11,L2/3,-2.9900765,3.8011048
185,0.012055792973722017,0.01734418367383075,0.009016375565863117,0.015521187670994424,0.016861663859939716,0.19262078000398972,0.06507586302165157,0.20097133998681307,10,L2/3,0.38721052,0.4228828
186,0.016585426098020894,0.006268170570218405,0.008205253435967024,0.07160474987215365,0.042727047729832365,0.25563027975120706,0.006219905186118894,0.21096379811374033,6,L5/6,-1.549381,0.4437862
187,0.06353133926077649,0.026528173936544195,0.009778429717001656,0.00028982940046576246,0.0,0.0,0.03863320379414587,0.3139364517785598,12,L2/3,8.988183,2.675089
188,0.022708085250325933,0.0024969357725515714,0.0128246272976034,0.039150348423492895,0.04423874648480096,0.0026105723285647854,0.2011933206006144,0.20956078210810886,3,L2/3,-0.28603324,3.2468987
189,0.0014926643601170866,0.01637624825009803,0.002873871560932838,0.06046189267596809,0.0,0.21867436218716765,0.00760042732123154,0.19062607604451495,3,L5/6,-0.031856306,0.7343368
190,0.048733384134779685,0.01034255824701378,0.00984977841216123,0.042703305792627544,0.023778437681278918,0.18628775224789126,0.0007479155340451471,0.25512734825775596,8,L5/6,6.3879876,2.4916801
191,0.006166276252867315,0.008212258845677254,0.005356049831644866,0.042821646744445066,0.009894878364999833,0.1818469006569671,0.05756514793080699,0.204599130384502,13,L4,-0.07911454,0.63132346
192,0.01386895050879181,0.019355677137405304,0.006340405848867778,0.034012137774796045,0.019055507018991565,0.26320392669998527,0.0,0.27503052853861537,1,L5/6,0.87216425,0.29990903
193,0.013312276188652182,0.005284878659848626,0.004603170088344362,0.03571384959102811,0.035338495244007555,0.18899603410393737,0.35717108236115813,0.1519127575886842,15,L5/6,-2.6395617,4.5636396
194,0.021013770488234,0.005038058473850694,0.010119989000589044,0.05810499523033933,0.039035215756184155,0.20009210749723924,0.0379037166627495,0.14432259550822296,3,L2/3,-1.6786133,0.5242956
195,0.012404828250260212,0.007043935132684584,0.00745805799217385,0.031485189472236406,0.02859743652149226,0.28709855242879545,0.2842869744521793,0.06267173459402284,4,L2/3,-3.0531065,4.301173
196,0.02673481955282156,0.015062998966509781,0.007551754352867942,0.008661685602789028,0.018573621028446976,0.0,0.07462867274993883,0.14418967042536274,9,L4,0.9018896,2.9558709
197,0.00015251466652440302,0.0073110530312972925,0.00487856475676462,0.11271496897350235,0.15107857899627622,0.13935849493584232,0.04624465593596147,0.1195607032537684,3,L5/6,-4.0106053,9.372212
198,0.11232269843780378,0.026028461439251457,0.0196851574438741,0.00032062056378904873,0.0017077232733077236,0.0,0.0,0.18316386676269392,11,L2/3,12.593054,0.5778766
199,0.01152178245363959,0.00016747067224123514,0.006550631814997349,0.14592936460500905,0.0,0.21355308753789215,0.06265889876969799,0.08135808634552096,7,L5/6,-1.025747,5.7510877
200,0.02147867501269489,0.017778979563168405,0.01037509763892028,0.034998359288747526,0.0,0.34293022512774285,0.0009089464488475434,0.3929980592483349,14,L4,0.9111564,0.30136043
201,0.0005675710416525809,0.01468677593815657,0.008388791518907635,0.1306258888137381,0.03422013655521273,0.22109616320688585,0.09273897664640451,0.04237417539321315,14,L5/6,-0.8342665,5.768704
202,0.07373832416049936,0.00910248740432148,0.007727226074936966,0.016401200881582062,0.013434336860727217,0.00951561674931034,0.0,0.12611868936546697,5,L5/6,6.5367703,2.4401882
203,0.016109493088504324,0.008322386136582824,0.005473143402080398,0.005482612366641113,0.021145496752155723,0.0005956042693967539,0.2544956628305628,0.1536957865744201,1,L5/6,0.48641732,3.8178594
204,0.01908342664498696,0.006388260162322652,0.013240602869382773,0.0,0.0009641281784972749,0.0,0.22399952586249564,0.16703281381354967,5,L5/6,0.7469035,3.7397988
205,0.0019463239253333842,0.012059822295592418,0.0066772016481630525,0.012521406439781883,0.05316494626783036,0.12479494233758501,0.09364323110957641,0.2100648941733642,9,L2/3,-0.3944779,1.9300836
206,0.0001,0.007272858756268407,0.01550804717130436,0.09583151046017875,0.024758704102955324,0.1612673902059523,0.21845051323848724,0.1274382613288054,6,L4,-4.3442836,2.912775
207,0.0001,0.007155099591458398,0.014570108107744865,0.0,0.08178326392785001,0.17079343204137146,0.12987374969659704,0.21536440551428815,4,L2/3,-0.8218793,2.7182455
208,0.027135937594935055,0.01338968671600578,0.009182497588720362,0.004374682488661117,0.007553831653784464,0.056591579596486245,0.10612103870537586,0.12758783360544648,1,L4,0.96561736,3.0431082
209,0.007341796046928117,0.0001,0.006546739377860669,0.03873038492264865,0.15919212725244206,0.0681495911153752,0.11336211076305597,0.11054063406063028,2,L2/3,-3.0672488,10.081241
210,0.032873371840557754,0.024033242017227816,0.005511494276810844,0.018579463117930618,0.0,0.21472444836734958,0.0002642971854311664,0.10669042611339541,2,L5/6,0.019517206,-0.1327857
211,0.010507989292311674,0.008020206401347528,0.009851337851418505,0.024891396138694812,0.01953933192322661,0.23846949202005946,0.18792401062453973,0.12264158974283118,9,L5/6,-3.1559925,4.261962
212,0.00010040772528600494,0.0008953190176243959,0.0,0.1759691848035913,0.0909806060386977,0.11111330104342051,0.03326697325593863,0.030478301950269498,14,L5/6,-4.066977,9.417717
213,0.0001,0.005432822304281246,0.0012455332394684907,0.04188731041600598,0.0,0.14151990220091942,0.27150420403666364,0.1251659570013073,7,L5/6,-2.3589292,4.610653
214,0.013189296978519005,0.005312789041454822,0.012751879281045682,0.004765297090769477,0.01173604380426986,0.0795505423248427,0.3918449286632948,0.244572582340176,4,L5/6,0.7947136,4.134045
215,0.014475633201831952,0.0039227608469389365,0.008659977616612333,0.04122866038938504,0.04526896779692309,0.3254913628150887,0.20374946735818725,0.3450731834640293,8,L4,-3.4698946,1.9118869
216,0.06417615452371517,0.023858068503337056,0.010522472771891276,0.009515868229307448,0.0,0.0,0.0,0.2576017551829159,10,L2/3,9.004613,2.662012
217,0.025482283305137673,0.019080173944166952,0.009218465452353154,0.0032370375172965536,0.0,0.21067055769342655,0.0,0.062357231511197285,4,L5/6,0.003785098,-0.14533673
218,0.013329163778452016,0.006177268125860526,0.014139263492529659,0.019983042541620467,0.07024238629270929,0.03916483195248088,0.19571070150776743,0.1628756324744671,1,L5/6,-0.5879786,2.8777983
219,0.05507954233128735,0.001188764928437753,0.009380319367343733,0.041538154558970926,0.033008650850075,0.24672108780279148,0.0,0.13850867289550714,2,L2/3,-1.5293368,0.61923254
220,0.01289422765213489,0.015880045192191976,0.00399398290972995,0.0009660373987263845,0.018449508155253678,0.004808077877036731,0.16839025137930813,0.16458178327395354,3,L5/6,0.6290908,3.1347773
