Cell,BestBatchIdx,STRFGain,STRFLatency,OutputAdaptation,On__ROnGSYN,Off__ROnGSYN,On__SOnOffGSYN,Off__SOnOffGSYN,SOnOff__ROnGSYN
1,1,0.0324324928224087,0.0115336459130049,0.00700230058282614,0.0402400717139244,0.030055982992053,0.0533925890922546,0.220041811466217,0.0886218249797821
2,9,0.00660872040316463,0.0132040670141578,0.0107920756563544,0.0398753434419632,0.036899384111166,0.257234871387482,0.165748834609985,0.25174868106842
3,4,0.00722707714885473,0.00530075887218118,0.00632309075444937,0.0427265278995037,0.068481981754303,0.206136360764503,0.128764003515244,0.192826300859451
4,4,0.254798650741577,0.0399999991059303,0.000306154455756769,0.000312227581162006,0,0,0,0.16226364672184
5,11,0.00101044704206288,0.0118641806766391,0.00405592424795032,0.0614817626774311,0.0591823533177376,0.190581768751144,0.0664369612932205,0.064129963517189
6,15,0.0153877781704068,0.00707596819847822,0.0118076987564564,0.0421062372624874,0.0716192945837975,0.268934309482574,0.25794044137001,0.265180945396423
7,12,0.0163878928869963,0.00884746294468641,0.00286115054041147,0.0375280119478703,0.00514579378068447,0.349460422992706,0.00563462590798736,0.136252894997597
8,5,0.23277772963047,0.0399999991059303,0.000218773522647098,0,0.000305219844449311,9.87451639957726e-05,0.00141168059781194,0.134620845317841
9,12,0.0160172488540411,0.013942095451057,0.0122998096048832,0.033155269920826,0.0366607196629047,0.230167731642723,0.233013108372688,0.176004126667976
10,15,0.0089209396392107,0.000116777700895909,0.00360322347842157,0,0,0.528909921646118,0.0283425766974688,0.404056489467621
11,15,0.00819628033787012,0.000308230868540704,0.00748861487954855,2.39105251381052e-16,0.0158035848289728,0.0319148190319538,0.379921346902847,0.157727539539337
12,13,0.0356501825153828,0.00930041819810867,0.0118675520643592,0.0430235154926777,0.0415955185890198,0.356724590063095,0.00138891208916903,0.182028248906136
13,12,0.0228848494589329,0.0399999991059303,0.0100444015115499,0.0140967015177011,0.00204630568623543,0.00372738251462579,0,0.0554262064397335
14,2,0.230075657367706,0.0399999991059303,0,0.00144994165748358,0.0215446334332228,0,0.0253749899566174,0.270199835300446
15,3,0.0341605730354786,0.0139127168804407,0.013515236787498,0.0282839629799128,0.0136884385719895,0.280347734689713,0,0.138487979769707
16,15,0.240548774600029,0.0399999991059303,0.000609223730862141,0,0,0,2.97981916919099e-10,0.116024412214756
17,2,0.23929001390934,0.0399999991059303,8.90282462933101e-05,0,0.000449226354248822,1.2699743479061e-08,0,0.203651010990143
18,4,0.00521938037127256,0.010462174192071,0.00829840917140245,0.0504062287509441,0.0366830341517925,0.362359583377838,0.0159839931875467,0.130566820502281
19,6,0.00682709040120244,0.0122664021328092,0.00544471479952335,0.0389714725315571,0.0415691882371902,0.172919914126396,0.380542695522308,0.133706569671631
20,8,0.0192002411931753,0.00170978892128915,0.0105974990874529,0.0764183178544044,0.00511244684457779,0.240865349769592,0.0990049168467522,0.121367357671261
21,4,0.00533026503399014,0.00707629462704062,0.0108791803941131,0.0493038855493069,0.0304077956825495,0.306815505027771,0.00297295022755861,0.170298203825951
22,6,0.000100000463135075,0.000100000244856346,0.00423270650207996,0,0,0.298328429460526,0.36356595158577,0.32266765832901
23,15,0.000100741221103817,0.00151648477185518,0.046385046094656,0.00775964884087443,0.168529585003853,0.154359877109528,0.206567749381065,0.0575717389583588
24,3,0.354850292205811,0.0399999991059303,0.00540790986269712,0,1.35426398628624e-06,1.03880448687477e-09,0,0.15326552093029
25,12,0.00162467162590474,0.000491231214255095,0.000647631357423961,0.0125989131629467,0.0387684404850006,0.289229959249496,0.27273091673851,0.168363571166992
26,5,0.233685731887817,0.0399999991059303,2.76756727544125e-05,0,0,0,0,0.218414202332497
27,10,0.0176369231194258,0.0141713060438633,0.0123138343915343,0.0314980186522007,0.0288727283477783,0.275536954402924,0.0261473674327135,0.267042636871338
28,15,0.0296056661754847,0.0316225327551365,0.0133441891521215,0.00934845861047506,0.00562010146677494,0,0,0.101855978369713
29,5,0.00774816796183586,0.00773999048396945,0.00896308291703463,0.0136154117062688,0,0.689128875732422,0.000998116680420935,0.297226220369339
30,11,0.00252610328607261,0.000100222729088273,0.000604772241786122,0.0318883322179317,0.0804666355252266,0.0042854817584157,0.268800377845764,0.183379262685776
31,11,0.0113178985193372,0.00690604140982032,0.0110346451401711,0.015192630700767,0.0415686815977097,0.0251210778951645,0.251619726419449,0.22047621011734
32,15,0.012676197104156,0.0130804535001516,0.0114588476717472,0.0278618298470974,0.0315691418945789,0.0366781540215015,0.20836628973484,0.192987263202667
33,4,0.020674915984273,0.0167644694447517,0.00523390667513013,0.00518742622807622,0.00964335538446903,0.00570597546175122,0.220002666115761,0.116534247994423
34,10,0.0286908932030201,0.000886930210981518,0.0110018588602543,0.054740346968174,0.0679605826735497,0.191333934664726,0.164833903312683,0.127221554517746
35,10,0.00100106606259942,0.0179425477981567,0.010107358917594,0.044760137796402,0.0254789106547832,0.330081701278687,1.58281922340393,0.0874936357140541
36,11,0.0101747047156096,0.00777692161500454,0.00808147434145212,0.0473342835903168,0.0168124232441187,0.289138168096542,0.0292767584323883,0.132559657096863
37,5,0.221319079399109,0.0399999991059303,0,0.00036926893517375,0.00127339735627174,0,0,0.0877569392323494
38,13,0.01000024843961,0.00616146018728614,0.0112604452297091,0.0378182642161846,0.0365654677152634,0.298365294933319,0.184356898069382,0.143209710717201
39,9,0.359246164560318,0.0283709578216076,0,0.000385236897272989,0,0,3.44938144714035e-09,0.275023967027664
40,3,0.00603635050356388,0.00756372371688485,0.00765659520402551,0.038804292678833,0.0265533588826656,0.348953127861023,0.0608891062438488,0.235756605863571
41,12,0.00414625462144613,0.0113310432061553,0.0127933761104941,0.0356685593724251,0.0123247476294637,0.314983695745468,0.00375572498887777,0.206418365240097
42,15,0.0470895990729332,0.0119485314935446,0.0111332992091775,0.0333542674779892,0.020320625975728,0.227339848875999,0,0.227739244699478
43,9,0.000101743469713256,0.00130138464737684,0.0312140919268131,0.0976942181587219,0.144844532012939,0.190631344914436,0.184031665325165,0.13331101834774
44,8,0.26104810833931,0.0399999991059303,0.00107828876934946,0.00515775708481669,0.00529301399365067,0.00977485068142414,0,0.0653058886528015
45,6,0.265079945325851,0.0399999991059303,0,0.00132828392088413,0,0.00777699891477823,0,0.115461573004723
46,14,0.233279868960381,0.0399999991059303,0.00943194702267647,0.000678429671097547,0,0.00390404113568366,0,0.087788924574852
47,10,0.0203659348189831,0.0155637338757515,0.00263859867118299,0.00850836839526892,0.0223102178424597,0,0.191067487001419,0.247844845056534
48,10,0.285988926887512,0.017497893422842,0.000156909416546114,0,0,2.03765271322709e-09,1.36356981261798e-09,0.204706341028214
49,11,0.304272681474686,0.0399999991059303,0,0,0.000196169305127114,0,0,0.271554350852966
50,13,0.228555113077164,0.0399999991059303,0.000175537323229946,3.16181321977638e-05,0,0,0.0880514979362488,0.201386764645576
51,5,0.384109079837799,0.0263635329902172,0,0,0.000405856204451993,0.00355972838588059,0,0.126468598842621
52,4,0.00970378704369068,0.00776191940531135,0.00518748676404357,0.0375255011022091,0.0162157211452723,0.340105921030045,0.0367200523614883,0.149169430136681
53,14,0.0267889574170113,0.0148019595071673,0.00842262152582407,0.0214586220681667,0.0193305499851704,0.312929660081863,0.0200327392667532,0.150266379117966
54,15,0.352194041013718,0.0279184598475695,0.00982733722776175,0.000333355797920376,0,0,4.23037747054877e-08,0.0817451253533363
55,14,0.237982556223869,0.0399999991059303,0.000412046938436106,0.000154422275954857,0,0.00558001780882478,0,0.0817501991987228
56,14,0.0605536662042141,0.0215132106095552,0.0061576790176332,0.00859873741865158,0.004232132807374,0.21162448823452,0,0.148394897580147
57,11,0.000101324752904475,0.00010021825437434,0.0362801924347878,0.00789843965321779,0.157885536551476,0.186539813876152,0.212465986609459,0.0999005511403084
58,8,0.0217249859124422,0.0224020890891552,0.0140773570165038,0.0215674117207527,0.0119802448898554,0.435183972120285,0,0.163794487714767
59,8,0.448029458522797,0.0250251982361078,0.00891923904418945,0,0,7.46775086213347e-08,1.4994744335084e-09,0.10142920166254
60,13,0.0229371357709169,0.00994973629713058,0.0116093615069985,0.0358830764889717,0.0219228714704514,0.272136837244034,0.168671026825905,0.259696036577225
61,4,0.00733771221712232,0.00564341899007559,0.00692403363063931,0.0568349026143551,0.00809161365032196,0.190775364637375,0.149549394845963,0.203733429312706
62,11,0.252494603395462,0.0399999991059303,0.00471580494195223,0,0,0,0,0.101117245852947
63,14,0.342658400535583,0.0272844731807709,0.000130106694996357,0.00362491421401501,0.000857650476973504,9.602094674932e-10,0,0.306407153606415
64,2,0.260710448026657,0.0399999991059303,0.0110253877937794,0.00360776926390827,0.00339241581968963,4.18692591708236e-09,0,0.23001392185688
65,7,0.00411023804917932,0.00931926537305117,0.00536645157262683,0.045500461012125,0.0399700552225113,0.211009919643402,0.363016068935394,0.160780221223831
66,8,0.00194595812354237,0.000100154305982869,0.10169880092144,0.0108608836308122,0.00530444039031863,0.236233457922935,0.147192135453224,0.164776608347893
67,15,0.00849363394081593,0.0085907606408,0.00640225689858198,0.03101472184062,0.0453808680176735,0.228953689336777,0.200451344251633,0.219299212098122
68,8,0.019526744261384,0.0303918570280075,0.00942496210336685,0.0161837469786406,0.000187835685210302,0.182662695646286,0.283107548952103,0.112186208367348
69,5,0.411849528551102,0.0189681481570005,0.0015869295457378,0,0,1.58187263288312e-09,0,0.108193039894104
70,5,0.0102671543136239,0.00414439104497433,0.0139429485425353,0.00425537163391709,0.0749339759349823,0.00627550249919295,0.146365195512772,0.169745057821274
71,8,0.219703510403633,0.0399999991059303,0.000785532232839614,0,0,0,0,0.203699052333832
72,4,0.000228932214668021,0.000100012272014283,0.00117035117000341,0,0,0.230720743536949,0.234414905309677,0.116902358829975
73,12,0.00492260325700045,0.00186033314093947,0.00322606484405696,0.126402080059052,0.0857272669672966,0.148620024323463,0.14171239733696,0.151635155081749
74,3,0.240775406360626,0.0399999991059303,0,0,0.000274609599728137,0.000453020067652687,0,0.114546395838261
75,5,0.242608591914177,0.0399999991059303,0,0,0.000872653617989272,6.65436816760234e-09,0,0.150311976671219
76,11,0.0502190440893173,0.00938200112432241,0.0042140856385231,0.0145995188504457,0.0362722501158714,0.000164184282766655,0.0493650995194912,0.190903976559639
77,8,0.432363301515579,0.0257373005151749,0.000376415264327079,0.00217461260035634,0.00172273616772145,0,0,0.13949579000473
78,15,0.31138613820076,0.0399999991059303,0,0.0023531096521765,0.000561618362553418,0,0,0.197043195366859
79,2,0.0468918047845364,0.00993280578404665,0.00720301177352667,0.0240576900541782,0.014043066650629,0.00838953070342541,0.00131315446924418,0.218440636992455
80,8,0.00589490495622158,0.00537323206663132,0.00471032783389091,0.0526251159608364,0.0879898965358734,0.249499887228012,0.221472084522247,0.0681244879961014
81,5,9.99999974737875e-05,9.99999974737875e-05,0.0577490329742432,0,0.0445714853703976,0.112856797873974,0.0914506614208221,0.102350056171417
82,7,0.0385727174580097,0.0209354571998119,0.003043512115255,0,0,0.0112175242975354,0,0.0748411044478416
83,13,0.360530972480774,0.0256270784884691,0.000197270070202649,0,0,1.37962077317866e-08,0,0.21771776676178
84,5,0.0105931265279651,0.0143847586587071,0.011067483574152,0.0366012454032898,0.0268682390451431,0.163349986076355,0.361375153064728,0.149363309144974
85,9,0.0156473275274038,0.0399999991059303,0.0175228975713253,0.0436963029205799,0,0.000229873621719889,4.28407066765946e-11,0.130114749073982
86,1,0.333854079246521,0.0304774381220341,0.0023015346378088,0.000131174150737934,0.00243599666282535,0,0,0.24488876760006
87,8,0.0021831167396158,0.0157907586544752,0.0116143263876438,0.0596613958477974,0.0203740447759628,0.24458621442318,0.00020886973652523,0.237679705023766
88,14,0.23463699221611,0.0399999991059303,0,0,0.00091134081594646,5.26846344328646e-10,0,0.384243160486221
89,10,0.44258189201355,0.0252126753330231,0,0,0.000109821332443971,9.57301082848971e-09,0,0.227404996752739
90,4,0.0177619736641645,0.00687348935753107,0.0111432475969195,0.0479535833001137,0.033301055431366,0.235277220606804,0.101362980902195,0.201774001121521
91,7,0.330111682415009,0.0305704902857542,0.000411695044022053,0.00126234558410943,0,0,4.3633990864933e-10,0.153206527233124
92,11,0.0449449233710766,0.0217626225203276,0.0134484823793173,0.0131492922082543,0,0.0106476163491607,0,0.249014332890511
93,13,0.000105473212897778,0.000476680172141641,0.0490371100604534,0.0478899143636227,0.0680197551846504,0.20813874900341,0.0819594785571098,0.0391642041504383
94,3,0.323314964771271,0.0399999991059303,0.00676343869417906,0.000295444391667843,0.000117161100206431,0,0,0.211872652173042
95,3,0.0323101468384266,0.00157292373478413,0.012779644690454,0.0701889619231224,0.00210209004580975,0.152432203292847,0.00597769627347589,0.205689638853073
96,7,0.015418404713273,0.00356914801523089,0.00857668370008469,0.0606871917843819,0.0465501323342323,0.234936162829399,0.203513473272324,0.0759536549448967
97,11,0.0514356158673763,0.022756265476346,0.0121507532894611,0.022363293915987,0.000764304306358099,0.00768746202811599,0.00010524378012633,0.284582197666168
98,7,0.0224425699561834,9.99999974737875e-05,0.00877081137150526,0.0479866527020931,0.00129364524036646,0.109609559178352,0.144139066338539,0.179963544011116
99,12,0.0125018963590264,0.00300508365035057,0.00293306587263942,0.0401895120739937,0.047887846827507,0.195184409618378,0.256455600261688,0.153955265879631
100,5,0.00675187166780233,0.00453610951080918,0.0124112730845809,0.070962093770504,0.00723533611744642,0.220722198486328,0.257590591907501,0.126030221581459
101,7,0.0111982449889183,0.00756584107875824,0.00584886409342289,0.0141984298825264,0.0628418028354645,0.0279887933284044,0.263275474309921,0.198376327753067
102,13,0.00661839731037617,0.0139068756252527,0.00780834350734949,0.0200782213360071,0.0541617162525654,0.384370088577271,0.0896650031208992,0.192970514297485
103,4,0.00949863251298666,0.0056380545720458,0.0101633900776505,0.0320139713585377,0.0472996048629284,0.290543138980865,0.284063696861267,0.243001416325569
104,9,0.0563340596854687,0.0222128387540579,0.0138823688030243,0.010904754512012,0.0012464834144339,0,6.10324013550212e-09,0.116398528218269
105,5,0.00253082648850977,0.00484327925369143,0.0116858594119549,0.071089543402195,0.0884496867656708,0.297407180070877,0.288742780685425,0.0565549917519093
106,8,0.0213263090699911,0.0112074296921492,0.00880067609250546,0.010750338435173,0.043188065290451,0,0.31544753909111,0.198692351579666
107,10,0.0240063164383173,0.0150202009826899,0.0109508689492941,0.0188053213059902,0.00219698576256633,0.378604859113693,0,0.256245225667953
108,1,0.0531073249876499,0.0252817403525114,0.0121819563210011,0.0112540926784277,0.00481995986774564,0,0,0.174777269363403
109,6,0.280078709125519,0.0381418652832508,0.00313025247305632,0.00149818090721965,0.00115039385855198,0.0353446006774902,0,0.111452467739582
110,2,0.200021103024483,0.0399999991059303,0.000546243216376752,0,0.00132577971089631,0,0,0.250268816947937
111,14,0.227294370532036,0.039336945861578,0,3.91825524275191e-05,0,0,0,0.153108239173889
112,10,0.220287889242172,0.0399999991059303,0,0,0.0134305702522397,0,0.137894749641418,0.21247136592865
113,6,0.0237074829638004,9.99999974737875e-05,0.000570402189623564,0.123605377972126,0.0482571795582771,0.238786593079567,0,0.19528067111969
114,2,0.010649474337697,0.00256231497041881,0.013081026263535,0.0709929764270782,0.0675760880112648,0.261065512895584,0.137325033545494,0.134270951151848
115,12,0.383321553468704,0.0304183159023523,0.0110486382618546,0,0,0.0125792808830738,0,0.0501870959997177
116,10,0.2185427993536,0.0399999991059303,0,0.000578935898374766,0.000370144553016871,1.03620896585443e-10,0,0.360517233610153
117,15,0.264979332685471,0.0399999991059303,0.0127377649769187,0.00111185177229345,4.01215547753964e-05,0,0,0.0660909563302994
118,7,0.000100001234386582,0.000100000252132304,0.000523276336025447,0.00791058875620365,0,0.394503265619278,0.4751116335392,0.143525555729866
119,2,0.00331572769209743,0.0109737748280168,0.00862095970660448,0.0115643031895161,0.04762102663517,0.0460546873509884,0.172520622611046,0.177682906389236
120,10,0.00231874408200383,0.0103608090430498,0.0124800819903612,0.0641632229089737,0.0371998772025108,0.306375473737717,0.0379163585603237,0.1629558801651
121,6,0.0195090472698212,0.00248578726314008,0.00467907218262553,0.0663639605045319,0.0654552355408669,0.246754616498947,0.159706145524979,0.08006601780653
122,5,0.36262771487236,0.0298731550574303,0.00364008126780391,0.00328074069693685,0.00226726941764355,4.64799986693576e-12,0,0.217615857720375
123,1,0.0475323535501957,0.0221725013107061,0.0120700877159834,0,0,0,0,0.129401609301567
124,6,0.049343716353178,0.0144552253186703,0.014049956575036,0.0143194478005171,0.0068800812587142,0.0238117408007383,0.287247955799103,0.1458520591259
125,10,0.00178154255263507,0.0104300649836659,0.0113834142684937,0.0692753866314888,0.0514144152402878,0.179633930325508,0.160343140363693,0.185396730899811
126,5,0.00858488027006388,0.0112770786508918,0.00791781675070524,0.020796874538064,0.0391698554158211,0.39991220831871,0.206589356064796,0.263307303190231
127,9,0.00852801091969013,0.00879933405667543,0.00821379572153091,0.0455609895288944,0.018019950017333,0.222859561443329,0.311927616596222,0.184402957558632
128,14,0.00633501354604959,0.0124831916764379,0.00450707739219069,0.0132898055016994,0.0422530435025692,0.325557887554169,0.235204264521599,0.190059214830399
129,7,0.00419837329536676,0.00453676050528884,0.00718648871406913,0.116627603769302,2.71521855665924e-07,0.236114755272865,0.0630350038409233,0.180982872843742
130,13,0.329838871955872,0.030688464641571,2.27833443204872e-05,0.000654153700452298,0,0.00259919301606715,0,0.207179695367813
131,11,0.205699533224106,0.0399999991059303,0.000402736972318962,0.00165886653121561,0.00315044913440943,4.02595601300959e-09,0,0.129047736525536
132,11,0.00685834232717752,0.0174248330295086,0.00449557835236192,0.0302857868373394,0.00912620220333338,0.393948584794998,0.0053066797554493,0.155309394001961
133,15,0.0989199802279472,0.0053470809943974,0.0132413133978844,0.0410519056022167,0.00914043746888638,0.883298993110657,0.00195713108405471,0.238240510225296
134,14,0.000787341210525483,0.00483269430696964,0.000556779443286359,0.0152870435267687,0.00308494851924479,0.630647242069244,1.06749373784965e-08,0.0961672216653824
135,2,0.058019857853651,0.0250313971191645,0.00669271685183048,0,0.000866873713675886,0,0,0.0989869832992554
136,9,0.0110535603016615,0.00669721839949489,0.00468999706208706,0.0181717798113823,0.0513399429619312,0.0298686865717173,0.192144230008125,0.129464149475098
137,6,0.0105956336483359,0.00517381634563208,0.0106426766142249,0.0416888482868671,0.053664393723011,0.163448095321655,0.214353710412979,0.222114697098732
138,11,0.0122893899679184,0.000122142184409313,0.0679196193814278,0.00412146747112274,0.0432370267808437,0.044726874679327,0.122425049543381,0.185926213860512
139,12,0.298671633005142,0.0399999991059303,1.35649045773789e-07,0,0.00742871547117829,0,0,0.0796494409441948
140,11,0.0215014684945345,0.00141133950091898,0.00483339745551348,0.0575090907514095,0.072613388299942,0.172553241252899,0.210125491023064,0.0516590029001236
141,8,0.0103502450510859,0.00361513299867511,0.0124302096664906,0.0322127416729927,0.0457166656851768,0.0175076387822628,0.175598174333572,0.240344643592834
142,13,0.0105785457417369,0.0202995650470257,0.0114422710612416,0.0208860449492931,0.00672221183776855,0.355827510356903,0.00275570340454578,0.18519152700901
143,3,0.0020787175744772,0.0114535726606846,0.00512546813115478,0.0619109682738781,0.0202946905046701,0.0685910880565643,0.244382962584496,0.22491118311882
144,6,0.0136743113398552,0.00210777670145035,0.00924946181476116,0.0707404166460037,0.0538787059485912,0.141394376754761,0.170190215110779,0.216210454702377
145,11,0.0032188412733376,0.0045049088075757,0.0107591226696968,0.102947883307934,0.000349389010807499,0.144269287586212,0.0260620508342981,0.215366870164871
146,11,0.252523630857468,0.0399999991059303,0.00629367958754301,0.000799067143816501,0.000301876803860068,0.00316715403459966,0,0.11701875180006
147,6,0.0122600430622697,0.000712044013198465,0.00341989006847143,0.00291377934627235,0.126908197999001,0.0734618082642555,0.0945505723357201,0.135292932391167
148,6,0.438192248344421,0.025763863697648,0.0818326696753502,0,0,6.12139956501778e-08,0,0.246750846505165
149,2,0.00538282096385956,0.0080904895439744,0.00879089068621397,0.0341072119772434,0.0118519114330411,0.311436384916306,0.144979506731033,0.103487424552441
150,4,0.00673638097941875,0.014942335896194,0.0118935024365783,0.0398031324148178,0.0227607917040586,0.375091344118118,0,0.21136799454689
151,4,0.00456915935501456,0.000102188416349236,0.084588885307312,0.0342231206595898,0.101666800677776,0.147792637348175,0.218165934085846,0.0756512358784676
152,8,0.00923166610300541,0.0036806482821703,0.0063312565907836,0.0655986368656158,0.0449320860207081,0.262137830257416,0.135169625282288,0.224843174219131
153,2,0.00048774917377159,0.000117297189717647,0.072094552218914,0.00899629201740026,0.0661018937826157,0.158794477581978,0.157150313258171,0.150401771068573
154,9,0.0518777817487717,0.0241180248558521,0.0113737285137177,0.00952541828155518,0.00412171799689531,0.00808167364448309,9.17539728106931e-05,0.0986352562904358
155,7,9.99999974737875e-05,0.00498832296580076,0.103569619357586,0.0705328732728958,0.00887981429696083,0.482326209545135,0.181717485189438,0.0611865818500519
156,14,0.216451808810234,0.016283368691802,0.0389325954020023,0,0,0.000287062808638439,3.48180080322891e-08,0.131758078932762
157,13,0.00433858716860414,0.0144331268966198,0.0115484427660704,0.0320095606148243,0.0523263700306416,0.373592287302017,3.54820040229242e-05,0.206659868359566
158,12,0.00968950521200895,0.0030745614785701,0.0104781407862902,0.0711408481001854,0,0.301606118679047,0.137187227606773,0.273124605417252
159,10,0.000126469560200348,0.0160819012671709,0.0275328103452921,0,0.00643797032535076,0.208014219999313,0.0479568652808666,0.0606754682958126
160,15,0.00554058002308011,0.000100034158094786,0.0800939574837685,0.104673750698566,0.0790564939379692,0.216075479984283,0.101766332983971,0.0922002866864204
161,6,0.00680413004010916,0.000100206321803853,0.080348514020443,1.89977764422644e-12,0.0960051119327545,0.129218086600304,0.163724541664124,0.145739659667015
162,6,0.00259162881411612,0.0123292235657573,0.00454007042571902,0.0399361737072468,0.0655490979552269,0.154283344745636,0.113652087748051,0.173265770077705
163,14,0.0162708666175604,0.0197158083319664,0.00859611760824919,0.0435619875788689,0.0221443194895983,0.323148757219315,0,0.297392636537552
164,15,0.0169013608247042,9.99999974737875e-05,0.0444322638213634,0.0720524489879608,0.0599130541086197,0.139812007546425,0.14312881231308,0.15534895658493
165,12,0.232328876852989,0.00298804230988026,0.00840800628066063,0.0218009669333696,0.0240851454436779,0.0203173980116844,3.9691152778687e-05,0.146055951714516
166,11,0.00840200204402208,0.00356114888563752,0.00636953581124544,0.0341702438890934,0.0439442098140717,0.199341207742691,0.187422752380371,0.142754152417183
167,8,0.001760438317433,0.00934955570846796,0.00417222222313285,0.0362695530056953,0.118815265595913,0.203898519277573,0.226467192173004,0.192241683602333
168,8,0.000100016382930335,0.000100004879641347,0.000419848802266642,0.0984104797244072,0.0722779110074043,0.0188166443258524,0.271289706230164,0.187382712960243
169,2,0.0256197135895491,9.99999974737875e-05,0.0166430771350861,0.0441083684563637,0.0302386470139027,0.203425750136375,0.0773616433143616,0.151929631829262
170,5,0.000107140687759966,0.00347902090288699,0.00199988670647144,0.096583753824234,0,0.140292972326279,0.0405988097190857,0.17888143658638
171,1,0.00988380517810583,0.0109402881935239,0.0137294977903366,0.0289355311542749,0.0555207617580891,0.0728550031781197,0.268987059593201,0.196057215332985
172,11,0.00655623897910118,0.00624328898265958,0.0120972245931625,0.00968419387936592,0.0714595913887024,0.00610003573819995,0.225889831781387,0.143004447221756
173,12,0.00956733431667089,0.00767571618780494,0.00444582151249051,0.0405249185860157,0.0443786792457104,0.258793324232101,0.237243115901947,0.232064664363861
174,9,0.0116552654653788,0.0196790117770433,0.00401852931827307,0.0288416836410761,0.0206321459263563,0.377118170261383,0.00526175554841757,0.213754549622536
175,9,0.00337869627401233,0.0101492740213871,0.0134312203153968,0.0351077206432819,0.0723849684000015,0.326448887586594,0.163341283798218,0.122526600956917
176,12,0.0054717306047678,0.0055914893746376,0.00880336482077837,0.0550201088190079,0.0241965968161821,0.218550354242325,0.180216729640961,0.134905114769936
177,8,0.0126681076362729,0.00482198782265186,0.0139871686697006,0.0200270563364029,0.0608463436365128,0.017457777634263,0.311874508857727,0.290301263332367
178,14,0.0198709443211555,0.0399999991059303,0.0112496986985207,0.0156165966764092,0.00349983177147806,0.00767703121528029,0,0.182243913412094
179,4,0.0143502773717046,9.99999974737875e-05,0.0228494517505169,0.0711676925420761,0.0981658101081848,0.474448621273041,0.156951352953911,0.233352273702621
180,11,0.000664514722302556,0.00869840104132891,0.0109487054869533,0.128447711467743,0.0564848221838474,0.145413935184479,0.175793215632439,0.169428110122681
181,8,0.00758757535368204,0.0033869999460876,0.0122118173167109,0.0674719586968422,0.0680674239993095,0.159423172473907,0.169875949621201,0.160449966788292
182,1,0.00572838168591261,0.00804690178483725,0.0118668973445892,0.0540090091526508,0.0365109480917454,0.348494946956635,0.354502826929092,0.178106501698494
183,3,0.00575756281614304,0.0126731414347887,0.0120013365522027,0.0150504121556878,0.00364875257946551,0.268242508172989,0.00683296285569668,0.171520605683327
184,9,0.00573025783523917,0.00499155558645725,0.00921326875686646,0.0827229842543602,0.0493792742490768,0.271502166986465,0.227481350302696,0.257883697748184
185,7,0.0174454301595688,0.0188065879046917,0.0076411459594965,0.0132730407640338,0.0140379713848233,0.188230246305466,0.140940681099892,0.195874840021133
186,14,0.0217151008546352,0.0059728748165071,0.00390532240271568,0.053072489798069,0.0256171450018883,0.264206945896149,0.00766869867220521,0.249765023589134
187,7,0.0283380374312401,0.00146758835762739,0.0126655315980315,0.0534733571112156,0.00020122884598095,0.613416373729706,0.000125158330774866,0.0593798272311687
188,8,0.0479480996727943,0.000950324523728341,0.0126818185672164,0.0391988642513752,0.0518473908305168,0.000313159835059196,0.249344035983086,0.109251789748669
189,2,0.000113666814286262,0.000331726187141612,0,0.149700954556465,0.158349022269249,0.0531080961227417,0.0713578835129738,0.0989328473806381
190,8,0.0129268672317266,0.0130984075367451,0.0102901393547654,0.051863145083189,0.0455697663128376,0.28493070602417,0.147709384560585,0.14889532327652
191,8,0.00609070574864745,0.00568504631519318,0.00734231807291508,0.0713677182793617,0.051034964621067,0.200458258390427,0.131570413708687,0.205093204975128
192,12,0.00687164580449462,0.0132322190329432,0.0039720106869936,0.0461867786943913,0.0479009076952934,0.21957391500473,0.254265874624252,0.236700773239136
193,14,0.245656087994576,0.0399999991059303,9.25958011066541e-05,0.000111762310552876,0,0,0,0.292352139949799
194,3,0.0194789376109838,0.0053396662697196,0.00938953552395105,0.0381921268999577,0.0479215867817402,0.0154825262725353,0.248713314533234,0.201485067605972
195,2,0.00952014047652483,0.00722247082740068,0.00705659110099077,0.0469821244478226,0.0293755903840065,0.297210931777954,0.110173374414444,0.174967005848885
196,2,0.00329983979463577,0.0138292834162712,0.00430517457425594,0.0345519371330738,0.0606251396238804,0.255622684955597,0.181174546480179,0.199317783117294
197,12,0.0109735270962119,0.00338949915021658,0.00633171852678061,0.0160642266273499,0.0439468212425709,0.00479138502851129,0.345354110002518,0.127008467912674
198,8,0.00136630923952907,0.0105407238006592,0.00413059862330556,7.88188481237739e-05,0.122114226222038,0.0119176991283894,0.16853404045105,0.0692318603396416
199,1,0.0103564001619816,0.00328463339246809,0.00285900570452213,0.0444791689515114,3.39419857482426e-05,0.214196532964706,0.151017189025879,0.167389169335365
200,11,0.0289241950958967,0.0183982439339161,0.00936294719576836,0.0230706315487623,0,0.392462402582169,0,0.196576580405235
201,13,0.00313442456535995,0.00801287777721882,0.00558121269568801,0.0601505599915981,0.0790555030107498,0.237633362412453,0.199817776679993,0.0805154666304588
202,1,0.0122769894078374,0.0214841440320015,0.00416163960471749,0.0179140418767929,0.0131897730752826,1.05524861812592,0,0.0997214615345001
203,11,0.262119442224503,0.0399999991059303,0.00159417884424329,0.00131628126837313,0,0,0,0.144366964697838
204,11,0.00561559060588479,0.00445782067254186,0.00614695763215423,0.0394423082470894,2.97016977128806e-05,0.255741864442825,0.0302347224205732,0.0455982126295567
205,15,0.236787796020508,0.0399999991059303,0.0110745504498482,0.00559019157662988,0.00267634284682572,2.62694266339736e-09,0.0709883719682693,0.173041105270386
206,10,0.00849965866655111,0.00119746662676334,0.00993064139038324,0.0681181773543358,0.049006849527359,0.20809343457222,0.229484155774117,0.0691586583852768
207,1,0.00463546207174659,0.000958883902058005,0.0131338387727737,0,0.0904675796627998,0.0146281849592924,0.153041616082191,0.167833119630814
208,5,0.00355324102565646,0.00615898100659251,0.0134510220959783,0.0517666786909103,0.0218774825334549,0.269877046346664,0.00881626456975937,0.200848132371902
209,15,0.00577448355033994,0.00442799273878336,0.00997211504727602,0.0428888387978077,0.00671360129490495,0.239886969327927,0.0952162072062492,0.164915293455124
210,10,0.0796336978673935,0.00968610960990191,0.0108824549242854,0.0366182588040829,0.0168760977685452,0.27251210808754,0.000441702839452773,0.19760499894619
211,5,0.00547313643619418,0.0054082409478724,0.00542691675946116,0.0611634515225887,0.0593099482357502,0.16207030415535,0.259643733501434,0.0698411837220192
212,9,0.00672687636688352,0.00602646498009562,0.0130258370190859,0.0354374051094055,0.0219914112240076,0.28808131814003,0.00341055379249156,0.246332943439484
213,6,0.235917881131172,0.0353124886751175,0.00124956131912768,0,0.000647673034109175,0.00190252577885985,0,0.149062186479568
214,6,0.0139930071309209,0.00197572819888592,0.00714337872341275,0.0579494573175907,0.0913437530398369,0.223441243171692,0.144865334033966,0.18597200512886
215,7,0.0119875725358725,0.00445772102102637,0.00460961228236556,0.0305748600512743,0.0451697260141373,0.335314780473709,0.271248579025269,0.162893414497375
216,7,0.208458662033081,0.0399999991059303,0.000409160071285442,0.000143664248753339,0.0123371826484799,0,0.0164956450462341,0.24761500954628
217,7,0.355356574058533,0.0289919376373291,0.00662490725517273,0.00260923476889729,0.000416535796830431,9.24645082722719e-11,9.84340942089545e-11,0.210014805197716
218,5,0.0169426687061787,0.00601684860885143,0.00896339770406485,0.0110156647861004,0.048811849206686,0.00437856977805495,0.168892726302147,0.259660691022873
219,9,0.0089012086391449,0.00515608442947268,0.00678228586912155,0.057508397847414,0.0584939643740654,0.327655673027039,0.148960769176483,0.148386120796204
220,7,0.0132963042706251,0.00855119153857231,0.00631603412330151,0.00858151726424694,0.0343200340867043,0.00311681837774813,0.268965065479279,0.20110796391964
